project_code	submitter_sample_id	ega_sample_id	ega_experiment_id	ega_run_id	file_name	ega_file_id	encrypted_file_md5sum	file_md5sum	dataset_id	file_size
LUSC-KR	2014_Lung_sq_43_T	EGAN00001654355	EGAX00001604718	EGAR00001650040	SSH-PKC_1639-T.bam	EGAF00001871727	d6a2e19bb46e97635880dff0bbaabafa	1156bbcb965c5826075c7ebcf3c7e3e4	EGAD00001003960	25264638986
LUSC-KR	10D-T	EGAN00001253473	EGAX00001627895	EGAR00001673456	10D-T_sorted_dupl_realign_recalib.bam	EGAF00001904584	7aa05745f48bd3d8db10c414d4f36b95	4eeb7a079bab9918848e57774cd3d114	EGAD00001004027	10383841050
LUSC-KR	2014_Lung_sq_75_T	EGAN00001654387	EGAX00001604750	EGAR00001650072	SSH-PKC_1238-T.bam	EGAF00001871759	d16e59ee1c3355e78bd5e0b0eb03d305	ee14617511aa1eb2a6b5bfdb0e2bf148	EGAD00001003960	12962206182
LUSC-KR	2014_Lung_sq_49_N	EGAN00001654257	EGAX00001604620	EGAR00001649942	SSH-PKC_2307-N.bam	EGAF00001871629	53d77ce2c0a7858d70581eb528611c89	6d16e3d5f581848a8d6f0165b9cbcb5e	EGAD00001003960	25601621290
LUSC-KR	2014_Lung_sq_65_T	EGAN00001654377	EGAX00001604740	EGAR00001650062	SSH-PKC_4400-T.bam	EGAF00001871749	67edd7702ca881a8f1631f7f5b2d4728	f8b93759a17569311be0e214bc79ce2a	EGAD00001003960	13247729200
LUSC-KR	28D-N	EGAN00001253443	EGAX00001627865	EGAR00001673426	28_sorted_dupl_realign_recalib.bam	EGAF00001904529	725cef049a68839940c15a3035867308	46a0a952f62aeea4e6cb230cb4fb1ecf	EGAD00001004027	11406354976
LUSC-KR	2014_Lung_sq_28_T	EGAN00001654340	EGAX00001604703	EGAR00001650025	SSH-PKC_J1_T.bam	EGAF00001871712	2da4fea8d4db3b6d3cdc5c8b1fef72c1	a907a0fbab847ad4f5ebccd496ad42e6	EGAD00001003960	14479122837
LUSC-KR	2014_Lung_sq_70_T	EGAN00001654382	EGAX00001604745	EGAR00001650067	SSH-PKC_4472-T.bam	EGAF00001871754	bf7c8d69ad4c197093be8bd631ef3b42	612d5b4efbb3f81916cbd895407d93d7	EGAD00001003960	20024688168
LUSC-KR	2014_Lung_sq_33_T	EGAN00001654345	EGAX00001604708	EGAR00001650030	SSH-PKC_783-T.bam	EGAF00001871717	58dd4a1f6abe91a2b14f258a669e7e3b	6187625c14ccb2ece0198efcd86c9d39	EGAD00001003960	14441416666
LUSC-KR	2014_Lung_sq_82_T	EGAN00001654394	EGAX00001604757	EGAR00001650079	SSH-PKC_2553-T.bam	EGAF00001871766	9b9b9f3a5bf97b4744b348610870b8fb	142f409262a5f01f050f20e1737ceaec	EGAD00001003960	15176011536
LUSC-KR	2014_Lung_sq_20_N	EGAN00001654228	EGAX00001604591	EGAR00001649913	SSH-PKC_J74_N.bam	EGAF00001871600	21d81d8e9f67000dfe83a8f9824d9f98	06a8d281d94a0292bf3ad3678774b445	EGAD00001003960	20821599257
LUSC-KR	KU-9T	EGAN00001253496	EGAX00001627918	EGAR00001673479	KU_9T_sorted_dupl_realign_recalib.bam	EGAF00001904559	39fbfb6a8e686deb4b1cd10448b8bee9	f6c7258ad4c45c3eac0d47e31c9b3cce	EGAD00001004027	4744106064
LUSC-KR	2D-N	EGAN00001253430	EGAX00001627852	EGAR00001673413	2D-N_sorted_dupl_realign_recalib.bam	EGAF00001904516	1433f7f68418fc7afdc813854bf1701a	0f39944336d7816e00387260eb197fde	EGAD00001004027	5246910529
LUSC-KR	2014_Lung_sq_39_N	EGAN00001654247	EGAX00001604610	EGAR00001649932	SSH-PKC_381-N.bam	EGAF00001871619	e2b1a0380328a30fea3cb03f9c4325ba	f0c39ce702654703420445b1761df082	EGAD00001003960	16647733651
LUSC-KR	10D-N	EGAN00001253437	EGAX00001627859	EGAR00001673420	10D-N_sorted_dupl_realign_recalib.bam	EGAF00001904523	7928dbf38cafc0a39a84d40d610cd570	0d2c68bdc101562ce6bc8ed4a76c70da	EGAD00001004027	9458062257
LUSC-KR	2014_Lung_sq_09_T	EGAN00001654321	EGAX00001604684	EGAR00001650006	SSH-PKC_J65_T.bam	EGAF00001871693	a957e76e715b3dbf6dcd55d6d6703fdf	bc5076856e325d920888472f7fd09a74	EGAD00001003960	14589434069
LUSC-KR	3D-N	EGAN00001253431	EGAX00001627853	EGAR00001673414	3D-N_sorted_dupl_realign_recalib.bam	EGAF00001904517	a37e7972fb0e0c1890a20ecc3e272126	c1906d67dad3857b9129c8f21e189021	EGAD00001004027	7323200854
LUSC-KR	25D-N	EGAN00001253441	EGAX00001627863	EGAR00001673424	25_sorted_dupl_realign_recalib.bam	EGAF00001904527	7e69559ff5b3a4675a4654990f1e128e	142a53768bc9a5992212eac699dde820	EGAD00001004027	10461975837
LUSC-KR	2014_Lung_sq_35_N	EGAN00001654243	EGAX00001604606	EGAR00001649928	SSH-PKC_1255-N.bam	EGAF00001871615	c9b38c7146466811e95251597d3f0091	1e222818ebdbc871883d4df1f79609d4	EGAD00001003960	18088501362
LUSC-KR	2014_Lung_sq_37_N	EGAN00001654245	EGAX00001604608	EGAR00001649930	SSH-PKC_360-N.bam	EGAF00001871617	77901b768070fd4b18c4f49adfabd6fd	b4e67281b5f981c5dd74886882c237a8	EGAD00001003960	15651399555
LUSC-KR	2D-T	EGAN00001253466	EGAX00001627888	EGAR00001673449	2D-T_sorted_dupl_realign_recalib.bam	EGAF00001904577	b8ae6f1f9c569c10daa45d3ebc00de75	9797994bef27aa3a59a405a52bb1c83b	EGAD00001004027	8411591879
LUSC-KR	2014_Lung_sq_01_T	EGAN00001654313	EGAX00001604676	EGAR00001649998	SSH-PKC_J10_T.bam	EGAF00001871685	e064e67bfd7afd562d9fe2c7f1391ab5	be48022af8ee8ee6f67892dfcda5c465	EGAD00001003960	26365118906
LUSC-KR	2014_Lung_sq_95_T	EGAN00001654407	EGAX00001604770	EGAR00001650092	SSH-PKC_722-T.bam	EGAF00001871779	2884fa263f4e1b9927611e2132d01140	efe74c79be59a370e5e1a3dcc4b1c6d5	EGAD00001003960	3207428282
LUSC-KR	2014_Lung_sq_80_N	EGAN00001654288	EGAX00001604651	EGAR00001649973	SSH-PKC_949-N.bam	EGAF00001871660	878868c5788377f32b01678a3997adf7	3883726370c5a1da013042d0c707ac9b	EGAD00001003960	13030154888
LUSC-KR	2014_Lung_sq_47_T	EGAN00001654359	EGAX00001604722	EGAR00001650044	SSH-PKC_699-T.bam	EGAF00001871731	35f34927879a1a3f4a5672132cc691bd	61f452982a4b58e83e2b0749a655993f	EGAD00001003960	12971025488
LUSC-KR	2014_Lung_sq_45_N	EGAN00001654253	EGAX00001604616	EGAR00001649938	SSH-PKC_729-N.bam	EGAF00001871625	005e88ffd78c84df3c009e5c2914fa53	8031d317c050ed4b46e3c6e1ffb7821a	EGAD00001003960	15493358153
LUSC-KR	5D-T	EGAN00001253469	EGAX00001627891	EGAR00001673452	5D-T_sorted_dupl_realign_recalib.bam	EGAF00001904580	ac5cef179fdca3aa6158fa0af802c565	9a9104cb89aeaf81f2d10656d75673e3	EGAD00001004027	7832959902
LUSC-KR	2014_Lung_sq_101_T	EGAN00001654413	EGAX00001604776	EGAR00001650098	SSH-PKC_278-T.bam	EGAF00001871785	2983c419d99c4fc29010a32402da7894	488e05be9224e52fe115bc65a8ede746	EGAD00001003960	14191414228
LUSC-KR	2014_Lung_sq_61_T	EGAN00001654373	EGAX00001604736	EGAR00001650058	SSH-PKC_3765-T.bam	EGAF00001871745	034f97f752b105ddc37fe98a2dac5659	af44f7461aec2ecd55dac8dd16df4a89	EGAD00001003960	17933061958
LUSC-KR	28D-T	EGAN00001253479	EGAX00001627901	EGAR00001673462	28D-T_sorted_dupl_realign_recalib.bam	EGAF00001904542	c716c724eef4a398c5c0e0bd93754ae9	c7bdcd60a34aef68b7e5b37d7d6712ec	EGAD00001004027	7554518086
LUSC-KR	22D-N	EGAN00001253439	EGAX00001627861	EGAR00001673422	22_sorted_dupl_realign_recalib.bam	EGAF00001904525	5a1d260f2ed1cac11a2baf398ccfa3e8	2f5045609d86e26f8f96b355a2f48e3a	EGAD00001004027	11705098307
LUSC-KR	2014_Lung_sq_40_N	EGAN00001654248	EGAX00001604611	EGAR00001649933	SSH-PKC_522-N.bam	EGAF00001871620	c604905d4b44a08ee96a335ca25619c5	1dee41d00174dfa31f0f765bfd04a924	EGAD00001003960	15537866755
LUSC-KR	2014_Lung_sq_41_N	EGAN00001654249	EGAX00001604612	EGAR00001649934	SSH-PKC_824-N.bam	EGAF00001871621	8294c74c903c77a6ea9793ccdf7e049a	c100e01abcf83b7c08c9eaf0153e3e56	EGAD00001003960	14519498763
LUSC-KR	2014_Lung_sq_31_T	EGAN00001654343	EGAX00001604706	EGAR00001650028	SSH-PKC_223-T.bam	EGAF00001871715	c3842625ca0d0e4f03d153933eab449f	fe1379b983d11c2f2678bc51dc727518	EGAD00001003960	17991911680
LUSC-KR	2014_Lung_sq_54_T	EGAN00001654366	EGAX00001604729	EGAR00001650051	SSH-PKC_3498-T.bam	EGAF00001871738	727be4aaca3055f29d64cbc42dca7e3c	2da02da20d8040d4d3190099d32353db	EGAD00001003960	22059799697
LUSC-KR	2014_Lung_sq_58_T	EGAN00001654370	EGAX00001604733	EGAR00001650055	SSH-PKC_4132-T.bam	EGAF00001871742	a59287cc2d707e800c90c5eb4a379f64	91cf233fdefb3723c594976caf2ea115	EGAD00001003960	17904327194
LUSC-KR	2014_Lung_sq_89_T	EGAN00001654401	EGAX00001604764	EGAR00001650086	SSH-PKC_304-T.bam	EGAF00001871773	2b125a28f240c59b0a6ce297de02340b	d336ec18257dad354f2acf54f8e8a0cd	EGAD00001003960	14490671271
LUSC-KR	2014_Lung_sq_22_N	EGAN00001654230	EGAX00001604593	EGAR00001649915	SSH-PKC_J15_N.bam	EGAF00001871602	849731e5c4af59c8a2bacbe3928e7e8c	2fcb1d7d86e99a7b01f62620b56445d4	EGAD00001003960	22356760757
LUSC-KR	4D-N	EGAN00001253432	EGAX00001627854	EGAR00001673415	4_sorted_dupl_realign_recalib.bam	EGAF00001904518	228d5137aa60c83bd7e8baa7cdd763d3	0f27a7d9ab7c5b24078ef62d59bf7965	EGAD00001004027	10515895990
LUSC-KR	KU-3N	EGAN00001253457	EGAX00001627879	EGAR00001673440	KU_3N_sorted_dupl_realign_recalib.bam	EGAF00001904568	97ea29127bb0336079d4b63b71aa06ac	73083b0a4405f76723edb290ad6680ee	EGAD00001004027	7222296955
LUSC-KR	2014_Lung_sq_13_N	EGAN00001654221	EGAX00001604584	EGAR00001649906	SSH-PKC_J57_N.bam	EGAF00001871593	06e593d1e9552a6dad375b511a828d92	5544450e5685895d7f2ba0f33358aa6b	EGAD00001003960	15061680180
LUSC-KR	2014_Lung_sq_50_T	EGAN00001654362	EGAX00001604725	EGAR00001650047	SSH-PKC_1848-T.bam	EGAF00001871734	2edb8edd0ae07cb1f1bc053ba3ba2e2a	a86f779fd560812eb4c58314b3de5536	EGAD00001003960	32402355554
LUSC-KR	2014_Lung_sq_52_T	EGAN00001654364	EGAX00001604727	EGAR00001650049	SSH-PKC_1616-T.bam	EGAF00001871736	49b0932114df49fd08c5658ad45b65fc	da4fe5fdc91a4bb1a377796bcabcc3be	EGAD00001003960	17183985447
LUSC-KR	2014_Lung_sq_93_N	EGAN00001654301	EGAX00001604664	EGAR00001649986	SSH-PKC_300-N.bam	EGAF00001871673	aea3315b672a7eef9a733ed208046f6b	572f78bc01f61402ca4b8ff9c354b267	EGAD00001003960	22915060282
LUSC-KR	KU-9N	EGAN00001253460	EGAX00001627882	EGAR00001673443	KU_9N_sorted_dupl_realign_recalib.bam	EGAF00001904571	c42ed610a8795c0d72322ede82c28fb7	261694ad51b1d6e5fc9a0f4655de4dd4	EGAD00001004027	7397810211
LUSC-KR	2014_Lung_sq_51_T	EGAN00001654363	EGAX00001604726	EGAR00001650048	SSH-PKC_3030-T.bam	EGAF00001871735	34e42263b3f9ed5f83f1391117c20eca	f16857f64e10b57915a8d239e8562fb5	EGAD00001003960	18197532960
LUSC-KR	2014_Lung_sq_62_T	EGAN00001654374	EGAX00001604737	EGAR00001650059	SSH-PKC_3006-T.bam	EGAF00001871746	188f51fd88d5278904418e0044e9318f	7bee8dd22c9c3daa51417ae370d05f08	EGAD00001003960	26774475574
LUSC-KR	2014_Lung_sq_39_T	EGAN00001654351	EGAX00001604714	EGAR00001650036	SSH-PKC_381-T.bam	EGAF00001871723	0331e9a8f2980427567008f06ae24992	b286d7b140fdcf8390ae0df644940070	EGAD00001003960	16574208147
LUSC-KR	2014_Lung_sq_99_N	EGAN00001654307	EGAX00001604670	EGAR00001649992	SSH-PKC_187-N.bam	EGAF00001871679	eecf904d18f6df4ef41ce56077037191	784995b8cbf488402fa12a8ae9c6d825	EGAD00001003960	15381500242
LUSC-KR	2014_Lung_sq_19_N	EGAN00001654227	EGAX00001604590	EGAR00001649912	SSH-PKC_J73_N.bam	EGAF00001871599	0d538e6e005c1d8c786653cd59fb7d32	70564e78efc3c780e9a0149f2cfc8a91	EGAD00001003960	14577037395
LUSC-KR	2014_Lung_sq_86_N	EGAN00001654294	EGAX00001604657	EGAR00001649979	SSH-PKC_2459-N.bam	EGAF00001871666	89233c580fa640f115180790c41982d9	242f3eaf353befa89ca8a1b3106e17cc	EGAD00001003960	17361759154
LUSC-KR	2014_Lung_sq_26_T	EGAN00001654338	EGAX00001604701	EGAR00001650023	SSH-PKC_J6_T.bam	EGAF00001871710	2e0c78d533de9276d244dada04117dba	5d92577bb94102f88fa82a67d5c607d0	EGAD00001003960	15881576556
LUSC-KR	2014_Lung_sq_13_T	EGAN00001654325	EGAX00001604688	EGAR00001650010	SSH-PKC_J57_T.bam	EGAF00001871697	454c8d71436d8d344ce24e73e5f1aad9	7ab1e6e85263164ab5cf476d0558d6d0	EGAD00001003960	16152854019
LUSC-KR	2014_Lung_sq_15_N	EGAN00001654223	EGAX00001604586	EGAR00001649908	SSH-PKC_J80_N.bam	EGAF00001871595	5181b363c1ad63d41cd3b80665ad29b5	22ccbd603beea349c5fd2e3914502728	EGAD00001003960	18488940492
LUSC-KR	2014_Lung_sq_48_T	EGAN00001654360	EGAX00001604723	EGAR00001650045	SSH-PKC_1953-T.bam	EGAF00001871732	e52f990a192ef7b968aebe3116a83569	e2b60fa26d413afbeea8ffbd61f78f3c	EGAD00001003960	40987026934
LUSC-KR	1D-T	EGAN00001253465	EGAX00001627887	EGAR00001673448	1D-T_sorted_dupl_realign_recalib.bam	EGAF00001904545	b7c67b22e284df635ed7ed0519fc6b88	253afc020fa6d25235e9e5dd561a8d11	EGAD00001004027	8181432808
LUSC-KR	7D-N	EGAN00001253435	EGAX00001627857	EGAR00001673418	7D-N_sorted_dupl_realign_recalib.bam	EGAF00001904521	5abb3fe9abe9b9f8f9b1c8be5f5f1dce	d3c8b1454165cd18b43ba400be814f4c	EGAD00001004027	6668372523
LUSC-KR	2014_Lung_sq_65_N	EGAN00001654273	EGAX00001604636	EGAR00001649958	SSH-PKC_4400-N.bam	EGAF00001871645	00c8c4560fc1548690958fee17bedcd5	e9b7c9b84964a5f337b82744a3f77e22	EGAD00001003960	25696627475
LUSC-KR	2014_Lung_sq_81_N	EGAN00001654289	EGAX00001604652	EGAR00001649974	SSH-PKC_745-N.bam	EGAF00001871661	4fe8eb52deb02bcaa1c262795baa6261	3cd62c0612297ebb8e00bb0f1ce2a6ff	EGAD00001003960	16404756384
LUSC-KR	2014_Lung_sq_24_T	EGAN00001654336	EGAX00001604699	EGAR00001650021	SSH-PKC_J36_T.bam	EGAF00001871708	d9a3893ff1b1882eb0df5dfc18779cd7	226599a6b4d262e407f2480ea793fbe0	EGAD00001003960	21478106594
LUSC-KR	50D-T	EGAN00001253491	EGAX00001627913	EGAR00001673474	50D-T_sorted_dupl_realign_recalib.bam	EGAF00001904554	63c1cd660f1eb5aa8f527700cb978df8	34ec1262bd6272e7100c0b6a3e866209	EGAD00001004027	10450722082
LUSC-KR	2014_Lung_sq_85_N	EGAN00001654293	EGAX00001604656	EGAR00001649978	SSH-PKC_2984-N.bam	EGAF00001871665	75cb8943cea160a63cfb324a0cbe9441	f4f553c1a2bcdab876102478382f8545	EGAD00001003960	32566796405
LUSC-KR	2014_Lung_sq_83_N	EGAN00001654291	EGAX00001604654	EGAR00001649976	SSH-PKC_3844-N.bam	EGAF00001871663	5cba20a5c87c4cd421e86c82ddc93040	09ebeae1d4c7a73cbe91f46811670560	EGAD00001003960	18284041200
LUSC-KR	2014_Lung_sq_08_N	EGAN00001654216	EGAX00001604579	EGAR00001649901	SSH-PKC_J54_N.bam	EGAF00001871588	8ded8fd876287ce12a2fce181ca0abad	fe83bd43a858f2de6c8079523784fa79	EGAD00001003960	13526779933
LUSC-KR	7D-T	EGAN00001253471	EGAX00001627893	EGAR00001673454	7D-T_sorted_dupl_realign_recalib.bam	EGAF00001904582	cad0ad2e85f66df8e10521c089deaced	c66aa138ba073b1edb41675d4fcfe4d8	EGAD00001004027	8882593996
LUSC-KR	21D-T	EGAN00001253474	EGAX00001627896	EGAR00001673457	21D-T_sorted_dupl_realign_recalib.bam	EGAF00001904585	9314f144b30e92cced30d7ca266f02ad	e8d64775f268a169a976fef4e8e1c6d7	EGAD00001004027	5471151616
LUSC-KR	2014_Lung_sq_31_N	EGAN00001654239	EGAX00001604602	EGAR00001649924	SSH-PKC_223-N.bam	EGAF00001871611	4176834b099535e8896f954256ade9da	b7f96dc90e5d94f355c89f49386951f1	EGAD00001003960	20949448467
LUSC-KR	2014_Lung_sq_14_N	EGAN00001654222	EGAX00001604585	EGAR00001649907	SSH-PKC_J63_N.bam	EGAF00001871594	286ef04e38f843e32a56a8ab84137b21	4c7c886f7a7c7c7ab32410c9d94ee166	EGAD00001003960	19964146200
LUSC-KR	2014_Lung_sq_72_T	EGAN00001654384	EGAX00001604747	EGAR00001650069	SSH-PKC_4537-T.bam	EGAF00001871756	ed8b76b4f58e033a7b47a555389ba9be	15b1a53c6df5b00119c4b9de102d4bb3	EGAD00001003960	24864224733
LUSC-KR	2014_Lung_sq_41_T	EGAN00001654353	EGAX00001604716	EGAR00001650038	SSH-PKC_824-T.bam	EGAF00001871725	247c9ddbf5dafc53c9c1661c125b8a38	7905e73868f30413c6d03e42da1e3472	EGAD00001003960	25278617981
LUSC-KR	2014_Lung_sq_71_T	EGAN00001654383	EGAX00001604746	EGAR00001650068	SSH-PKC_3196-T.bam	EGAF00001871755	f9ec7825a61d83c285c4a6ea75fdb9c4	98c9fb5d5f27539dafb867422a94de9c	EGAD00001003960	25456381914
LUSC-KR	2014_Lung_sq_100_T	EGAN00001654412	EGAX00001604775	EGAR00001650097	SSH-PKC_259-T.bam	EGAF00001871784	d0651990155e6bd76e67e5ed4dcb900b	afb6d21e17502124199a752af59bda55	EGAD00001003960	17214954481
LUSC-KR	KU-25N	EGAN00001253462	EGAX00001627884	EGAR00001673445	KU_25N_sorted_dupl_realign_recalib.bam	EGAF00001904573	4a2c0bfcb5305a5c74f485a4bb7dce22	0800027cfc6b656bfe9fe2ea568ee4f2	EGAD00001004027	6978661179
LUSC-KR	2014_Lung_sq_56_T	EGAN00001654368	EGAX00001604731	EGAR00001650053	SSH-PKC_3608-T.bam	EGAF00001871740	80ee3c03180fa637e4b7d3f9a769e5c1	c33597883c1bfa6913dfe009367db136	EGAD00001003960	19531947938
LUSC-KR	3D-T	EGAN00001253467	EGAX00001627889	EGAR00001673450	3D-T_sorted_dupl_realign_recalib.bam	EGAF00001904578	fd53e8e56cb1ce2ebcf43723b378b371	c0c9cdf478700808621bbb0ebf7d4af7	EGAD00001004027	8079050320
LUSC-KR	2014_Lung_sq_07_N	EGAN00001654215	EGAX00001604578	EGAR00001649900	SSH-PKC_J52_N.bam	EGAF00001871587	5784a8b41152d4c94e9342b525def765	8af543b02d6ce5c7700037df3f9abad9	EGAD00001003960	24305320938
LUSC-KR	2014_Lung_sq_71_N	EGAN00001654279	EGAX00001604642	EGAR00001649964	SSH-PKC_3196-N.bam	EGAF00001871651	0321e9fe2ed1e82a52bad50439e208c7	28b74254064c53b9bb27a911b4bf3dbf	EGAD00001003960	13687125152
LUSC-KR	2014_Lung_sq_66_T	EGAN00001654378	EGAX00001604741	EGAR00001650063	SSH-PKC_2275-T.bam	EGAF00001871750	529f1ed5def66a8a014b8752d8f7378c	7cbc83c006d312a14681fa04019bcefa	EGAD00001003960	15399306650
LUSC-KR	2014_Lung_sq_09_N	EGAN00001654217	EGAX00001604580	EGAR00001649902	SSH-PKC_J65_N.bam	EGAF00001871589	92a38fa762a7095a9693bbcf32f42f32	86140a4cec079afd413cf8f958d3c9f2	EGAD00001003960	23262668228
LUSC-KR	2014_Lung_sq_68_N	EGAN00001654276	EGAX00001604639	EGAR00001649961	SSH-PKC_2173-N.bam	EGAF00001871648	9e4a588f82437c04cc39b0d5ca8bebb9	465f489302012d365c6fb62aa7cd2fe0	EGAD00001003960	23753825980
LUSC-KR	2014_Lung_sq_67_T	EGAN00001654379	EGAX00001604742	EGAR00001650064	SSH-PKC_2973-T.bam	EGAF00001871751	c98545d916a3d80dafbdaa6cdd7f8eea	7f5dc762eab1eaa2a3baa2f12a38aa3d	EGAD00001003960	18985490291
LUSC-KR	2014_Lung_sq_79_T	EGAN00001654391	EGAX00001604754	EGAR00001650076	SSH-PKC_926-T.bam	EGAF00001871763	7d7b88efc096e321e433941c9a65aafc	1d0ba7cad6602ba20485685091e88422	EGAD00001003960	28957652384
LUSC-KR	47D-N	EGAN00001253452	EGAX00001627874	EGAR00001673435	47_sorted_dupl_realign_recalib.bam	EGAF00001904538	9dcdf38c20d43c9bb5b0b96c5b3ef337	a7ef0ead82cfd095f258a473afdd76af	EGAD00001004027	10041421966
LUSC-KR	2014_Lung_sq_11_N	EGAN00001654219	EGAX00001604582	EGAR00001649904	SSH-PKC_J83_N.bam	EGAF00001871591	5fa8ab4466753570b16dc440d47ae009	857e4e00420c60bb376e1e365efb8a73	EGAD00001003960	14635701996
LUSC-KR	23D-N	EGAN00001253440	EGAX00001627862	EGAR00001673423	23_sorted_dupl_realign_recalib.bam	EGAF00001904526	eae767591db75839be019290c9385cbf	c3ad810da98e353eba8180aca88743f3	EGAD00001004027	7232588336
LUSC-KR	36D-N	EGAN00001253447	EGAX00001627869	EGAR00001673430	36N_D_sorted_dupl_realign_recalib.bam	EGAF00001904533	e0eee12b30151ae25e1a40c447286383	5357b5f7917da0e2b50b392a82b0a6f0	EGAD00001004027	8250745978
LUSC-KR	41D-N	EGAN00001253449	EGAX00001627871	EGAR00001673432	41N_D_sorted_dupl_realign_recalib.bam	EGAF00001904535	603cf94a2a58fa0a62a137115567ffc6	10339c8d35e4acb1ae941742c6351fa1	EGAD00001004027	9766336083
LUSC-KR	2014_Lung_sq_87_T	EGAN00001654399	EGAX00001604762	EGAR00001650084	SSH-PKC_14-T.bam	EGAF00001871771	f2a30919d674fbd5d91de27a1b657a2e	2efe79304c1bcde67306bfe3e2a05a7e	EGAD00001003960	16990991454
LUSC-KR	2014_Lung_sq_57_N	EGAN00001654265	EGAX00001604628	EGAR00001649950	SSH-PKC_1920-N.bam	EGAF00001871637	883b14135978b396a6f6d700bc5ed754	5307e2e5b0cc802ba830c864885aa8f2	EGAD00001003960	15156719236
LUSC-KR	2014_Lung_sq_03_N	EGAN00001654211	EGAX00001604574	EGAR00001649896	SSH-PKC_J33_N.bam	EGAF00001871583	c32e595429edce2caf996f05d5033599	9f84bf3b0f4a576b853e928a3f4a31a5	EGAD00001003960	16153468660
LUSC-KR	2014_Lung_sq_95_N	EGAN00001654303	EGAX00001604666	EGAR00001649988	SSH-PKC_722-N.bam	EGAF00001871675	d6d390ee48c0f92b97041b4cc4722ba6	6ec872a93881cfcce14f44a89016e987	EGAD00001003960	20313006192
LUSC-KR	KU-3T	EGAN00001253493	EGAX00001627915	EGAR00001673476	KU_3T_sorted_dupl_realign_recalib.bam	EGAF00001904556	084cd20096a2ddf97a956f1992cdf7e8	7fdf7660ad6ed23fcac50d24726d3a65	EGAD00001004027	10947000645
LUSC-KR	2014_Lung_sq_04_N	EGAN00001654212	EGAX00001604575	EGAR00001649897	SSH-PKC_J11_N.bam	EGAF00001871584	2ab742e315d4e214845471b839ec6be5	e45840d930cd960fe491ca50e20b095d	EGAD00001003960	20564753199
LUSC-KR	2014_Lung_sq_38_T	EGAN00001654350	EGAX00001604713	EGAR00001650035	SSH-PKC_742-T.bam	EGAF00001871722	f38f60e6aaa0bec34bf0cb62f0932e14	67020197d8ac3b3b1c5ed5f6bf5e7dc5	EGAD00001003960	16901322710
LUSC-KR	2014_Lung_sq_55_N	EGAN00001654263	EGAX00001604626	EGAR00001649948	SSH-PKC_3584-N.bam	EGAF00001871635	30366108c889a3d06c67bd58984b1773	dea973d38f1afa1e6cbab04a2c0d2db5	EGAD00001003960	17111437624
LUSC-KR	2014_Lung_sq_24_N	EGAN00001654232	EGAX00001604595	EGAR00001649917	SSH-PKC_J36_N.bam	EGAF00001871604	6b42d26c3ebee52dd6576d1944eeda56	702cb8bafb00ae982c769c536e30ed94	EGAD00001003960	22930329544
LUSC-KR	2014_Lung_sq_66_N	EGAN00001654274	EGAX00001604637	EGAR00001649959	SSH-PKC_2275-N.bam	EGAF00001871646	ddbdc54f1d30c1ab23e85a13fa7997e2	8102b3b660fb6dbb9e26a4a6e769144d	EGAD00001003960	21645599814
LUSC-KR	2014_Lung_sq_80_T	EGAN00001654392	EGAX00001604755	EGAR00001650077	SSH-PKC_949-T.bam	EGAF00001871764	9dee6337dd6e6123a72d68b687e21e79	b6e523ef44f2451fa754e56bdd25e3ee	EGAD00001003960	16206728094
LUSC-KR	2014_Lung_sq_64_N	EGAN00001654272	EGAX00001604635	EGAR00001649957	SSH-PKC_3093-N.bam	EGAF00001871644	ec0040840e0ec7b2373cb0eeb5b098fa	073e1e72306bdb0a7734c73d1dbc60b2	EGAD00001003960	13897638935
LUSC-KR	2014_Lung_sq_93_T	EGAN00001654405	EGAX00001604768	EGAR00001650090	SSH-PKC_300-T.bam	EGAF00001871777	c1ea27404d232a01b273ba850605849f	156b40780e71600a192cbf1fd745babd	EGAD00001003960	19243426404
LUSC-KR	2014_Lung_sq_02_T	EGAN00001654314	EGAX00001604677	EGAR00001649999	SSH-PKC_J32_T.bam	EGAF00001871686	ff2f3b61bd67cb86175003d18e00571e	cbfe3fad4ab4a78a9a6751510ae5342f	EGAD00001003960	13499265941
LUSC-KR	2014_Lung_sq_101_N	EGAN00001654309	EGAX00001604672	EGAR00001649994	SSH-PKC_278-N.bam	EGAF00001871681	70b89024a82cd4024da54faed68133b7	615ba0f9c9f6213ccbb27df7605d28a8	EGAD00001003960	15397079897
LUSC-KR	2014_Lung_sq_17_N	EGAN00001654225	EGAX00001604588	EGAR00001649910	SSH-PKC_J88_N.bam	EGAF00001871597	09e60bd2e7dffe2fe405493eb94a29c2	8dca9854022c747366905b1ff4af218c	EGAD00001003960	13941574918
LUSC-KR	2014_Lung_sq_12_N	EGAN00001654220	EGAX00001604583	EGAR00001649905	SSH-PKC_J38_N.bam	EGAF00001871592	fb15c9e970122ae02bfd602d51c98b08	63992faa783890e831fe0e819a14eb19	EGAD00001003960	23917405041
LUSC-KR	29D-N	EGAN00001253444	EGAX00001627866	EGAR00001673427	29_sorted_dupl_realign_recalib.bam	EGAF00001904530	5824b1c27516a8db5a64c62dd104b0a2	ce1969962cf395383c9a917d8e9b3661	EGAD00001004027	8703845654
LUSC-KR	36D-T	EGAN00001253483	EGAX00001627905	EGAR00001673466	36T_D_sorted_dupl_realign_recalib.bam	EGAF00001904546	22463ae345dc168e68ff7d52eb437b1b	975df5e74400aad6be3e29c2b7e734ed	EGAD00001004027	5007577344
LUSC-KR	40D-N	EGAN00001253448	EGAX00001627870	EGAR00001673431	40N_D_sorted_dupl_realign_recalib.bam	EGAF00001904534	609a2dbac60aa9e492f520eaa95f3876	07f80099925902c47d87244c165a2493	EGAD00001004027	6896324614
LUSC-KR	KU-30N	EGAN00001253463	EGAX00001627885	EGAR00001673446	KU_30N_sorted_dupl_realign_recalib.bam	EGAF00001904574	8caa7d1f79f336e905fef46099860b81	c2d5e68e33d262008e88c05f3863ecb6	EGAD00001004027	7544032900
LUSC-KR	2014_Lung_sq_14_T	EGAN00001654326	EGAX00001604689	EGAR00001650011	SSH-PKC_J63_T.bam	EGAF00001871698	67ad15d636c370ffcd1b7c03a756561d	7f33937800e5fa046a7c4bf64fdcf4a5	EGAD00001003960	30287440230
LUSC-KR	2014_Lung_sq_02_N	EGAN00001654210	EGAX00001604573	EGAR00001649895	SSH-PKC_J32_N.bam	EGAF00001871582	21fde395d64865c1cb5fa04fdd6af795	3b3c89abdc46180df0124cdce92ea0b3	EGAD00001003960	13467462816
LUSC-KR	2014_Lung_sq_23_T	EGAN00001654335	EGAX00001604698	EGAR00001650020	SSH-PKC_J17_T.bam	EGAF00001871707	fbd4340e50b3798ace6871277ca40366	46f77c051c97f8f0e936d75e9644b7e0	EGAD00001003960	16074172548
LUSC-KR	2014_Lung_sq_52_N	EGAN00001654260	EGAX00001604623	EGAR00001649945	SSH-PKC_1616-N.bam	EGAF00001871632	08dcff3645d1f440a76ccda8082e7e12	5533011ce5d43617dca3eee06e05b665	EGAD00001003960	13038309331
LUSC-KR	2014_Lung_sq_59_T	EGAN00001654371	EGAX00001604734	EGAR00001650056	SSH-PKC_1829-T.bam	EGAF00001871743	754b0f4b0a5af50729919c939c1b0250	3092d1f524e743837450a0a0dbd613ec	EGAD00001003960	15907637679
LUSC-KR	2014_Lung_sq_70_N	EGAN00001654278	EGAX00001604641	EGAR00001649963	SSH-PKC_4472-N.bam	EGAF00001871650	56d1d7538accfd6babc4954225c08a0a	08dfa67bc6885b826c06dd0b7e592a9c	EGAD00001003960	14377745243
LUSC-KR	40D-T	EGAN00001253484	EGAX00001627906	EGAR00001673467	40T_D_sorted_dupl_realign_recalib.bam	EGAF00001904547	47628318fafce6db8550168d7fb05779	fd3a6f6650dd2c2d2cdd0a8bbc8a1210	EGAD00001004027	5524336706
LUSC-KR	2014_Lung_sq_32_T	EGAN00001654344	EGAX00001604707	EGAR00001650029	SSH-PKC_1428-T.bam	EGAF00001871716	31f52aae686ce8a880f0ac31a2689a56	5f4dbb66ca8171f612eb1e3c94eeeab7	EGAD00001003960	14432405478
LUSC-KR	2014_Lung_sq_27_T	EGAN00001654339	EGAX00001604702	EGAR00001650024	SSH-PKC_J31_T.bam	EGAF00001871711	8ace7d23cfd2eb7ac83d6d9d0fef1715	c0f27516a66ce420fb6f104897d0068f	EGAD00001003960	15352339271
LUSC-KR	2014_Lung_sq_34_N	EGAN00001654242	EGAX00001604605	EGAR00001649927	SSH-PKC_545-N.bam	EGAF00001871614	a8fb8479cdd863484d986e15f860590e	afa9f8d70479e307b32bcc093e74d2d3	EGAD00001003960	24592935985
LUSC-KR	6D-T	EGAN00001253470	EGAX00001627892	EGAR00001673453	6D-T_sorted_dupl_realign_recalib.bam	EGAF00001904581	e7f05fd755fb18a3a78d4b25d10a0f27	ab9e2aae4bb52155a2e1ed5fb1e8fb7e	EGAD00001004027	8403437081
LUSC-KR	26D-N	EGAN00001253442	EGAX00001627864	EGAR00001673425	26_sorted_dupl_realign_recalib.bam	EGAF00001904528	301fb48123f7c680e88717c4479ae750	1082c262deb946c09440b11f99e71fa4	EGAD00001004027	10534478354
LUSC-KR	2014_Lung_sq_98_T	EGAN00001654410	EGAX00001604773	EGAR00001650095	SSH-PKC_44-T.bam	EGAF00001871782	c40bc6c176d006c3f4fcd88c8d14e239	c0d2bfc60de9f2f778c3f33fb6f23768	EGAD00001003960	20330546472
LUSC-KR	2014_Lung_sq_19_T	EGAN00001654331	EGAX00001604694	EGAR00001650016	SSH-PKC_J73_T.bam	EGAF00001871703	0ccfcfcce54d7064c40d519c717b6f38	0cfa229ccaa299a0d11f271882e2afa3	EGAD00001003960	14688718514
LUSC-KR	2014_Lung_sq_102_N	EGAN00001654310	EGAX00001604673	EGAR00001649995	SSH-PKC_290-N.bam	EGAF00001871682	7eb9ad863e2e8fe64e93bf32c6bf1df3	16780fefb56c6a103e2b3c9170910654	EGAD00001003960	16186155991
LUSC-KR	2014_Lung_sq_01_N	EGAN00001654209	EGAX00001604572	EGAR00001649894	SSH-PKC_J10_N.bam	EGAF00001871581	f0a0cc73cb8bfe3ae141159a9a5560d0	04702d364e92187c9628e87db3881ee7	EGAD00001003960	22389123340
LUSC-KR	2014_Lung_sq_43_N	EGAN00001654251	EGAX00001604614	EGAR00001649936	SSH-PKC_1639-N.bam	EGAF00001871623	a706e37432eb107368bde678df2493fc	5021fa139cb9b6c330975158408fd25b	EGAD00001003960	25571919040
LUSC-KR	21D-N	EGAN00001253438	EGAX00001627860	EGAR00001673421	21_sorted_dupl_realign_recalib.bam	EGAF00001904524	cc52de2f6277335c9b2b2d7f69ed8139	9d648e49f380cb962a9505f395ea11b1	EGAD00001004027	10010972343
LUSC-KR	2014_Lung_sq_86_T	EGAN00001654398	EGAX00001604761	EGAR00001650083	SSH-PKC_2459-T.bam	EGAF00001871770	6ac8cddf98448739198b229adaaa2aaf	9e368eb8b661bbaea86ac9f6393f5fd9	EGAD00001003960	20645811548
LUSC-KR	KU-18T	EGAN00001253497	EGAX00001627919	EGAR00001673480	KU_18T_sorted_dupl_realign_recalib.bam	EGAF00001904560	ce0a7f6bb81633ac02a02cc29350ab39	5f2c2433eb9bbf306184726f3416dfa5	EGAD00001004027	8020560518
LUSC-KR	2014_Lung_sq_46_T	EGAN00001654358	EGAX00001604721	EGAR00001650043	SSH-PKC_1287-T.bam	EGAF00001871730	ff0e4a7c9a6719ce94f377af305dd80f	179913f949cbf0c8eb42cc3798305a97	EGAD00001003960	16627387227
LUSC-KR	KU-18N	EGAN00001253461	EGAX00001627883	EGAR00001673444	KU_18N_sorted_dupl_realign_recalib.bam	EGAF00001904572	01eb50b3d9b7ca22bbab3a783ac76ca1	e01f3c5114828d08e63c77b262f22270	EGAD00001004027	7509632806
LUSC-KR	2014_Lung_sq_61_N	EGAN00001654269	EGAX00001604632	EGAR00001649954	SSH-PKC_3765-N.bam	EGAF00001871641	b942ca5525f77c7746f0c856797e6fac	f0c2e86abb86090c9e9581c790fc2893	EGAD00001003960	23456101018
LUSC-KR	2014_Lung_sq_50_N	EGAN00001654258	EGAX00001604621	EGAR00001649943	SSH-PKC_1848-N.bam	EGAF00001871630	71875d497c6c4dbf8658e9665900280c	41814c51bc76795cb6c0167de7182dae	EGAD00001003960	20890167852
LUSC-KR	2014_Lung_sq_74_N	EGAN00001654282	EGAX00001604645	EGAR00001649967	SSH-PKC_1338-N.bam	EGAF00001871654	5b176c3ffd239270a995731f7dadd6fe	b7ca65493d21b1fa08fe5dd39bf10513	EGAD00001003960	12986357807
LUSC-KR	2014_Lung_sq_18_T	EGAN00001654330	EGAX00001604693	EGAR00001650015	SSH-PKC_J85_T.bam	EGAF00001871702	89036097c70d28ca42da8dcacaad4e58	5e1815f8df72014e1d0ca856bd473672	EGAD00001003960	14401155219
LUSC-KR	2014_Lung_sq_46_N	EGAN00001654254	EGAX00001604617	EGAR00001649939	SSH-PKC_1287-N.bam	EGAF00001871626	f8c6b2564a4a37497103bfe43e7cf1f2	fed41481d1a3ce2d84e6e325a7f142a1	EGAD00001003960	26673442835
LUSC-KR	2014_Lung_sq_49_T	EGAN00001654361	EGAX00001604724	EGAR00001650046	SSH-PKC_2307-T.bam	EGAF00001871733	44397ac3be7cf45bc3939a73e19849f0	953bc24e5416540a593fa0136a715307	EGAD00001003960	13474453503
LUSC-KR	2014_Lung_sq_78_T	EGAN00001654390	EGAX00001604753	EGAR00001650075	SSH-PKC_422-T.bam	EGAF00001871762	de4296996f5246ae75b883b3f45cb4be	991059f2545f85c486cd1ec0510e88b6	EGAD00001003960	24710058340
LUSC-KR	2014_Lung_sq_22_T	EGAN00001654334	EGAX00001604697	EGAR00001650019	SSH-PKC_J15_T.bam	EGAF00001871706	0d66b7b51131f3ef04c071023808a851	d2686dee605ad21c6fae434c30e4a826	EGAD00001003960	27722185770
LUSC-KR	2014_Lung_sq_27_N	EGAN00001654235	EGAX00001604598	EGAR00001649920	SSH-PKC_J31_N.bam	EGAF00001871607	9fd7b35388ebd5a4dffcc2e86c68b6cc	5970303ff29850cb5f9ab682f0fb4f58	EGAD00001003960	5509137882
LUSC-KR	2014_Lung_sq_06_T	EGAN00001654318	EGAX00001604681	EGAR00001650003	SSH-PKC_J76_T.bam	EGAF00001871690	1fcb67c13ae10e3636a4cf47541f2c9c	888cc611b05bcbf57cb81bb3f80c944f	EGAD00001003960	19012619272
LUSC-KR	2014_Lung_sq_42_N	EGAN00001654250	EGAX00001604613	EGAR00001649935	SSH-PKC_1261-N.bam	EGAF00001871622	88d2364a0cc309513cbe65e9a9aca0f8	26adfaf09039f8d76ef4100392e543f1	EGAD00001003960	34267972277
LUSC-KR	2014_Lung_sq_03_T	EGAN00001654315	EGAX00001604678	EGAR00001650000	SSH-PKC_J33_T.bam	EGAF00001871687	00b2438319338cdc2cad7232666c54da	9b4fba0f0a2e7b145d05076bf7a97e78	EGAD00001003960	26666766357
LUSC-KR	2014_Lung_sq_96_N	EGAN00001654304	EGAX00001604667	EGAR00001649989	SSH-PKC_227-N.bam	EGAF00001871676	1c971a32ef5a591402d8cfe8a585fcb7	9b6b6af6602b3a9a422335fc5dc9a2b8	EGAD00001003960	17758266299
LUSC-KR	2014_Lung_sq_30_T	EGAN00001654342	EGAX00001604705	EGAR00001650027	SSH-PKC_3676-T.bam	EGAF00001871714	f0d4aa078baa92410f385f2826b8dc69	0f0b958b2401374f094ed47523082c8c	EGAD00001003960	14451172268
LUSC-KR	KU-5T	EGAN00001253495	EGAX00001627917	EGAR00001673478	KU_5T_sorted_dupl_realign_recalib.bam	EGAF00001904558	32baf72291f020e0c6d86d23922cddec	2ac8daede72f623bc231f5e37162751e	EGAD00001004027	6299923913
LUSC-KR	2014_Lung_sq_88_N	EGAN00001654296	EGAX00001604659	EGAR00001649981	SSH-PKC_308-N.bam	EGAF00001871668	b8654f8e3d288282540e4d6b2bb44dc4	702a92973a4aac4bd4ea9c1c0584415b	EGAD00001003960	20814149795
LUSC-KR	2014_Lung_sq_91_T	EGAN00001654403	EGAX00001604766	EGAR00001650088	SSH-PKC_292-T.bam	EGAF00001871775	d75103451104494dce5470a87554a194	b4d40bcb6c54e8919d97007c13999b33	EGAD00001003960	18915837813
LUSC-KR	2014_Lung_sq_23_N	EGAN00001654231	EGAX00001604594	EGAR00001649916	SSH-PKC_J17_N.bam	EGAF00001871603	262dbb1204f323f7eb1fc975d20c7397	58d8136f535a87da1d0c5765d4286ccc	EGAD00001003960	19730723949
LUSC-KR	2014_Lung_sq_10_T	EGAN00001654322	EGAX00001604685	EGAR00001650007	SSH-PKC_J90_T.bam	EGAF00001871694	05e0d47cbee5a462bcf7649fcba1b2b5	40e20c53f091dd6276f86e1ea2fbc047	EGAD00001003960	12159302398
LUSC-KR	42D-T	EGAN00001253486	EGAX00001627908	EGAR00001673469	42T_D_sorted_dupl_realign_recalib.bam	EGAF00001904549	f72d91ea475282f673e7672b2db5129c	bc1bb6ac72b01fec0c4879e259010ad9	EGAD00001004027	7321849333
LUSC-KR	2014_Lung_sq_05_T	EGAN00001654317	EGAX00001604680	EGAR00001650002	SSH-PKC_J46_T.bam	EGAF00001871689	c14a3d89487597a1d0bac80197ee335b	90105babc04295ba707c9d7bf9eceb47	EGAD00001003960	15523009089
LUSC-KR	2014_Lung_sq_88_T	EGAN00001654400	EGAX00001604763	EGAR00001650085	SSH-PKC_308-T.bam	EGAF00001871772	b9c5433817cbd42c601f4ee7648e12df	74b865009298853e2c265cb75cfa47b6	EGAD00001003960	18560699054
LUSC-KR	2014_Lung_sq_102_T	EGAN00001654414	EGAX00001604777	EGAR00001650099	SSH-PKC_290-T.bam	EGAF00001871786	e488e6cd3f5a6eea165357baab002cb5	db608ff57c0a6870a4ce04c930b4ed49	EGAD00001003960	23236886654
LUSC-KR	2014_Lung_sq_99_T	EGAN00001654411	EGAX00001604774	EGAR00001650096	SSH-PKC_187-T.bam	EGAF00001871783	9e3e2116eb1a6faa5e815683d1acd0df	2d76e4ed27dd17fef1424dabb52b1b45	EGAD00001003960	15561815093
LUSC-KR	49D-N	EGAN00001253454	EGAX00001627876	EGAR00001673437	49_sorted_dupl_realign_recalib.bam	EGAF00001904565	656fb5d8f64f44abb31b2c287a45d3f1	46e5f8e66b1b177dfb98f34ab7b78b7f	EGAD00001004027	7413785830
LUSC-KR	2014_Lung_sq_77_N	EGAN00001654285	EGAX00001604648	EGAR00001649970	SSH-PKC_951-N.bam	EGAF00001871657	f879b9670ab48540456008b9815ec9a8	0bc45f9fe60f8c38474f6658bd2448ff	EGAD00001003960	28380032314
LUSC-KR	2014_Lung_sq_17_T	EGAN00001654329	EGAX00001604692	EGAR00001650014	SSH-PKC_J88_T.bam	EGAF00001871701	43803f0c93d9aeeef05cc403657fe83c	75622090d9ac78feedcaacf558bd8945	EGAD00001003960	22342672946
LUSC-KR	2014_Lung_sq_26_N	EGAN00001654234	EGAX00001604597	EGAR00001649919	SSH-PKC_J6_N.bam	EGAF00001871606	5c52277966fef82ba4b54266c34715ee	991986a9be21f8843ebe08bc50eee698	EGAD00001003960	15917004898
LUSC-KR	2014_Lung_sq_08_T	EGAN00001654320	EGAX00001604683	EGAR00001650005	SSH-PKC_J54_T.bam	EGAF00001871692	16e59e6dbf436186210f17b45e3b11ae	79cb860c0162cbee9f635f3692e63c42	EGAD00001003960	14856201203
LUSC-KR	2014_Lung_sq_92_N	EGAN00001654300	EGAX00001604663	EGAR00001649985	SSH-PKC_202-N.bam	EGAF00001871672	0b0af4cc109211bf570f790f991f3ebd	a4a9a0f8c708cab84ee228bc898d21a7	EGAD00001003960	22010014209
LUSC-KR	2014_Lung_sq_60_T	EGAN00001654372	EGAX00001604735	EGAR00001650057	SSH-PKC_4000-T.bam	EGAF00001871744	796369a4dec3202d31e5fb75cf953896	496f4dc64fad17fab5dd10109352a489	EGAD00001003960	20394186949
LUSC-KR	2014_Lung_sq_103_N	EGAN00001654311	EGAX00001604674	EGAR00001649996	SSH-PKC_363-N.bam	EGAF00001871683	96261ae444e3170967a78f47fbfaabcc	c125422f5ca767a8b0e7962d9516eadb	EGAD00001003960	16126844856
LUSC-KR	2014_Lung_sq_94_T	EGAN00001654406	EGAX00001604769	EGAR00001650091	SSH-PKC_88-T.bam	EGAF00001871778	9bae2f805426ca8b2f0d46c265f748c9	3c3e1e0ab3d2347e5751ef9554d7d905	EGAD00001003960	18260952794
LUSC-KR	KU-4N	EGAN00001253458	EGAX00001627880	EGAR00001673441	KU_4N_sorted_dupl_realign_recalib.bam	EGAF00001904569	d5daeb86be60ca530c9ee27f5cfc2b79	9b05079b2d5c26feb67bfafffe1cbd6f	EGAD00001004027	6634151873
LUSC-KR	2014_Lung_sq_25_T	EGAN00001654337	EGAX00001604700	EGAR00001650022	SSH-PKC_J13_T.bam	EGAF00001871709	dd91daaa675acd66ded63ab730193bb7	8ecae35112d54445a8b61e7f53a5e3e8	EGAD00001003960	18853905509
LUSC-KR	2014_Lung_sq_36_T	EGAN00001654348	EGAX00001604711	EGAR00001650033	SSH-PKC_759-T.bam	EGAF00001871720	4dea85c20183de3956f566fc4b780a59	2af198e8223a844cc104facbd22dd34a	EGAD00001003960	16223675681
LUSC-KR	2014_Lung_sq_78_N	EGAN00001654286	EGAX00001604649	EGAR00001649971	SSH-PKC_422-N.bam	EGAF00001871658	943117008b670c863e43dc7df03a0350	33bacdcb2659e3da15a5d256f2f09da2	EGAD00001003960	17318298954
LUSC-KR	KU-32T	EGAN00001253500	EGAX00001627922	EGAR00001673483	KU_32T_sorted_dupl_realign_recalib.bam	EGAF00001904563	7f88b0e4ea545eb61183849c5dce308a	16ad4ba28bcdb4e914a7c9fd38b72f98	EGAD00001004027	6326317214
LUSC-KR	2014_Lung_sq_37_T	EGAN00001654349	EGAX00001604712	EGAR00001650034	SSH-PKC_360-T.bam	EGAF00001871721	6372e8296c78c9d2db5de82794ba6290	bf6a5026f192702c9d2c9c73b2fd7b00	EGAD00001003960	29781285562
LUSC-KR	2014_Lung_sq_81_T	EGAN00001654393	EGAX00001604756	EGAR00001650078	SSH-PKC_745-T.bam	EGAF00001871765	dfadd1b09f2b7be05092eff7286d6474	c725a4fc5ec227eac7031ec291f8dd72	EGAD00001003960	11967632570
LUSC-KR	2014_Lung_sq_91_N	EGAN00001654299	EGAX00001604662	EGAR00001649984	SSH-PKC_292-N.bam	EGAF00001871671	4da9134e789ef878a2d1087fa31fd784	f90afe0c177f16c07c6714e5edb478ad	EGAD00001003960	26124296558
LUSC-KR	2014_Lung_sq_29_T	EGAN00001654341	EGAX00001604704	EGAR00001650026	SSH-PKC_J9_T.bam	EGAF00001871713	9c25de66b8807976d3dc02b3f0468790	6e6d6372d69f20744b863baafee34c61	EGAD00001003960	14518542307
LUSC-KR	2014_Lung_sq_32_N	EGAN00001654240	EGAX00001604603	EGAR00001649925	SSH-PKC_1428-N.bam	EGAF00001871612	e7789c43340ad6bfc51554666d2cdf34	b919a1ee0a8f9a0a3a4330f0f9a1efe1	EGAD00001003960	11883582762
LUSC-KR	2014_Lung_sq_53_N	EGAN00001654261	EGAX00001604624	EGAR00001649946	SSH-PKC_4095-N.bam	EGAF00001871633	83f29e778246f4ecd2f257f097187945	908ebe15b502319c051ef7e7977757a3	EGAD00001003960	20350905949
LUSC-KR	2014_Lung_sq_84_T	EGAN00001654396	EGAX00001604759	EGAR00001650081	SSH-PKC_2734-T.bam	EGAF00001871768	2721b7af1bdde9ca766408f48e338fed	3cd53b5d34f1411de513f9622bc2cb86	EGAD00001003960	26618339353
LUSC-KR	2014_Lung_sq_36_N	EGAN00001654244	EGAX00001604607	EGAR00001649929	SSH-PKC_759-N.bam	EGAF00001871616	c3bba1481ee4872e73c830b7927636a7	5cfa7d63f5c201d74c6f838cb5fea758	EGAD00001003960	21865094612
LUSC-KR	48D-N	EGAN00001253453	EGAX00001627875	EGAR00001673436	48D-N_sorted_dupl_realign_recalib.bam	EGAF00001904564	4841033b16020613789c1b74caf7608f	b6c53cdb54afaf61ef13ca8445c89f02	EGAD00001004027	9407852996
LUSC-KR	2014_Lung_sq_94_N	EGAN00001654302	EGAX00001604665	EGAR00001649987	SSH-PKC_88-N.bam	EGAF00001871674	c12b2b04bf1c9e06d0f4725c281af46f	fc3412be847720f4fb06ee550301cab5	EGAD00001003960	16197456201
LUSC-KR	2014_Lung_sq_10_N	EGAN00001654218	EGAX00001604581	EGAR00001649903	SSH-PKC_J90_N.bam	EGAF00001871590	cb255640dcdc7318ef123f60418f389e	e546542db4858e773d90c1229b573c26	EGAD00001003960	14286136669
LUSC-KR	2014_Lung_sq_25_N	EGAN00001654233	EGAX00001604596	EGAR00001649918	SSH-PKC_J13_N.bam	EGAF00001871605	94a05f9879522ae2540ee55142a96436	22f6228a527de0f9d5311e0d44a236d2	EGAD00001003960	12997608013
LUSC-KR	2014_Lung_sq_44_N	EGAN00001654252	EGAX00001604615	EGAR00001649937	SSH-PKC_3402-N.bam	EGAF00001871624	2bf237a6fce8e6b419007f3f0cffbbbe	814b4e121b052b30e656b9dcccdc64fc	EGAD00001003960	12836400527
LUSC-KR	2014_Lung_sq_98_N	EGAN00001654306	EGAX00001604669	EGAR00001649991	SSH-PKC_44-N.bam	EGAF00001871678	6ca3236d163786b77eb0ff2555257cec	b2acf3e540a3cee0ff30864ca8d3665b	EGAD00001003960	23752118872
LUSC-KR	2014_Lung_sq_68_T	EGAN00001654380	EGAX00001604743	EGAR00001650065	SSH-PKC_2173-T.bam	EGAF00001871752	a252959d22a58d38cea4e30ead9e35c2	5a85b0050deec46dfbbb269dc2a679b3	EGAD00001003960	16883883384
LUSC-KR	2014_Lung_sq_40_T	EGAN00001654352	EGAX00001604715	EGAR00001650037	SSH-PKC_522-T.bam	EGAF00001871724	43d5c61accf589b474504bae3f919b59	d143a552fd90854b11cf36e0bd4cd087	EGAD00001003960	23392596070
LUSC-KR	2014_Lung_sq_82_N	EGAN00001654290	EGAX00001604653	EGAR00001649975	SSH-PKC_2553-N.bam	EGAF00001871662	b603e5388134aefbf91e020ea229985e	4d9d3c8a167226fcfde80db1f353f52a	EGAD00001003960	13756777542
LUSC-KR	9D-N	EGAN00001253436	EGAX00001627858	EGAR00001673419	9D-N_sorted_dupl_realign_recalib.bam	EGAF00001904522	2225a863eb0ad85736b1c916b9e1571a	a654a08a2fb6cf62d4528d98bdd1b8c4	EGAD00001004027	6532599469
LUSC-KR	2014_Lung_sq_56_N	EGAN00001654264	EGAX00001604627	EGAR00001649949	SSH-PKC_3608-N.bam	EGAF00001871636	8981970f22d386e0b656dc180ab65117	debac8edca285eab95dfcf52ff21b51e	EGAD00001003960	26826726479
LUSC-KR	5D-N	EGAN00001253433	EGAX00001627855	EGAR00001673416	5D-N_sorted_dupl_realign_recalib.bam	EGAF00001904519	c85eddf1ff488cc296359217e05eef51	c865734fac6684c5e3fc2865fcddd39d	EGAD00001004027	5581457627
LUSC-KR	2014_Lung_sq_47_N	EGAN00001654255	EGAX00001604618	EGAR00001649940	SSH-PKC_699-N.bam	EGAF00001871627	6b0e325b5a15e9eca01e6d5d91ce50be	adeca1ffbf045410e829f6da11b23dad	EGAD00001003960	15219773768
LUSC-KR	2014_Lung_sq_69_N	EGAN00001654277	EGAX00001604640	EGAR00001649962	SSH-PKC_2881-N.bam	EGAF00001871649	32be18030306da6930b69a064499a22d	d137bc0d8386a3435896e4d9b85c1d83	EGAD00001003960	21724932452
LUSC-KR	48D-T	EGAN00001253489	EGAX00001627911	EGAR00001673472	48D-T_sorted_dupl_realign_recalib.bam	EGAF00001904552	907264bf0fd0531c32aca0103ef38b05	af094dbc92fbf84b6bf705a4363a0bc4	EGAD00001004027	8877788832
LUSC-KR	2014_Lung_sq_15_T	EGAN00001654327	EGAX00001604690	EGAR00001650012	SSH-PKC_J80_T.bam	EGAF00001871699	5b2bffe27f41916fcda68731ba82ed50	14384c0563c44f71520e76ea7ff9ca99	EGAD00001003960	18335033255
LUSC-KR	KU-1N	EGAN00001253456	EGAX00001627878	EGAR00001673439	KU_1N_sorted_dupl_realign_recalib.bam	EGAF00001904567	d9ff4cc0cb4502dcb9dba66845e3a506	5996601793674dbf21cc5cff5888d72d	EGAD00001004027	7815429183
LUSC-KR	KU-25T	EGAN00001253498	EGAX00001627920	EGAR00001673481	KU_25T_sorted_dupl_realign_recalib.bam	EGAF00001904561	31fe3aea249283cd837cb69321c9d0e8	c1bfa4c64549fe4cedb4590fa6861a51	EGAD00001004027	5719018448
LUSC-KR	30D-T	EGAN00001253481	EGAX00001627903	EGAR00001673464	30D-T_sorted_dupl_realign_recalib.bam	EGAF00001904544	554436a4c20e8061609aae0e10e3f7ad	9a960c730e0f78c33e1903cc13f0b62b	EGAD00001004027	7930898384
LUSC-KR	2014_Lung_sq_97_T	EGAN00001654409	EGAX00001604772	EGAR00001650094	SSH-PKC_257-T.bam	EGAF00001871781	e2f94eae49bc51e81c1104c47dcf125e	7e230b0a2e908e89055ff7e57b16f098	EGAD00001003960	24988969970
LUSC-KR	2014_Lung_sq_06_N	EGAN00001654214	EGAX00001604577	EGAR00001649899	SSH-PKC_J76_N.bam	EGAF00001871586	c1b7d64366c1747a2f3b27c6cfc169ba	7f434cbe27bc8c50e16e0011bb383615	EGAD00001003960	15662545625
LUSC-KR	2014_Lung_sq_87_N	EGAN00001654295	EGAX00001604658	EGAR00001649980	SSH-PKC_14-N.bam	EGAF00001871667	8a5ea0b21e34969a3635e3f74800af7a	e2a87e8a646112a611f1e2eef47e03b6	EGAD00001003960	24137815947
LUSC-KR	2014_Lung_sq_16_T	EGAN00001654328	EGAX00001604691	EGAR00001650013	SSH-PKC_J87_T.bam	EGAF00001871700	7b960ae2a2879f1e42903597f22b8f9c	8dcacd8424348382ad600123245a7d59	EGAD00001003960	21386554351
LUSC-KR	2014_Lung_sq_60_N	EGAN00001654268	EGAX00001604631	EGAR00001649953	SSH-PKC_4000-N.bam	EGAF00001871640	f38c25323521258263cf967bbc4dc80f	a5d725f14ad5128e4b0fbf3fb4688f02	EGAD00001003960	19920373597
LUSC-KR	2014_Lung_sq_45_T	EGAN00001654357	EGAX00001604720	EGAR00001650042	SSH-PKC_729-T.bam	EGAF00001871729	b27a0d0bf1dc155b9786911e9bb0a9b5	f0f27757f9de463e7b853f8ba5034099	EGAD00001003960	11839715690
LUSC-KR	2014_Lung_sq_62_N	EGAN00001654270	EGAX00001604633	EGAR00001649955	SSH-PKC_3006-N.bam	EGAF00001871642	efcc91a4d2d5770f497a2486e6f9ad41	a9c2b7bfb9741f18c7cd00d608c00c75	EGAD00001003960	15708159888
LUSC-KR	2014_Lung_sq_11_T	EGAN00001654323	EGAX00001604686	EGAR00001650008	SSH-PKC_J83_T.bam	EGAF00001871695	a138a92fbad5eb304f991ad0a9f09929	2d2633b1dc6b59643d99fc88df386a75	EGAD00001003960	18814490019
LUSC-KR	2014_Lung_sq_73_T	EGAN00001654385	EGAX00001604748	EGAR00001650070	SSH-PKC_1409-T.bam	EGAF00001871757	f2aabc2aa2f5906a94522fd7affdf231	e22c6e95b4e08c803b5d8864c1b698ca	EGAD00001003960	16614838685
LUSC-KR	2014_Lung_sq_04_T	EGAN00001654316	EGAX00001604679	EGAR00001650001	SSH-PKC_J11_T.bam	EGAF00001871688	ad8eff69103938f36411e17b1de586f2	5c745ae73fba5c95bb3b0f0518483b0b	EGAD00001003960	17925221158
LUSC-KR	2014_Lung_sq_77_T	EGAN00001654389	EGAX00001604752	EGAR00001650074	SSH-PKC_951-T.bam	EGAF00001871761	5063808f694a07238cae69e18c2f31d8	d662b51d7e76426bf71bbbcdb7216921	EGAD00001003960	17054185672
LUSC-KR	2014_Lung_sq_92_T	EGAN00001654404	EGAX00001604767	EGAR00001650089	SSH-PKC_202-T.bam	EGAF00001871776	b834b49a597add19495fd7ccd1f48264	49869f3225b05489524c805f474322e5	EGAD00001003960	17322293312
LUSC-KR	1D-N	EGAN00001253429	EGAX00001627851	EGAR00001673412	1D-N_sorted_dupl_realign_recalib.bam	EGAF00001904532	f5fae1bbe03e822e7d1550e4c24300b5	3332173d18507f87d0f287fdc7c8e77a	EGAD00001004027	10385500722
LUSC-KR	41D-T	EGAN00001253485	EGAX00001627907	EGAR00001673468	41T_D_sorted_dupl_realign_recalib.bam	EGAF00001904548	3d8b3851f798ce703da5c595f9e244ec	eadc92e2a28c3f035f5923adb66d6ef4	EGAD00001004027	8910701553
LUSC-KR	2014_Lung_sq_96_T	EGAN00001654408	EGAX00001604771	EGAR00001650093	SSH-PKC_227-T.bam	EGAF00001871780	6bea178f79ee2e786fe7fdb3843c362a	279e536d6b18993d9763eda5b4b5e76b	EGAD00001003960	25025479534
LUSC-KR	2014_Lung_sq_83_T	EGAN00001654395	EGAX00001604758	EGAR00001650080	SSH-PKC_3844-T.bam	EGAF00001871767	b3132440b11e48d9e90fba8cd268d7ae	75f9133f608e4ece14b9d38429f45d2f	EGAD00001003960	20640936475
LUSC-KR	2014_Lung_sq_84_N	EGAN00001654292	EGAX00001604655	EGAR00001649977	SSH-PKC_2734-N.bam	EGAF00001871664	a2207fd5a9b15a966c8b58342350895b	cdbe124c0884921cdf5f41c960a441f6	EGAD00001003960	19544366901
LUSC-KR	2014_Lung_sq_67_N	EGAN00001654275	EGAX00001604638	EGAR00001649960	SSH-PKC_2973-N.bam	EGAF00001871647	75f7bb75eb43167b7bb717183462f3a4	6917f099da133021c99f2b1374d3be1a	EGAD00001003960	21439656586
LUSC-KR	2014_Lung_sq_85_T	EGAN00001654397	EGAX00001604760	EGAR00001650082	SSH-PKC_2984-T.bam	EGAF00001871769	12fe5366ee372d21511b949a42eb08f0	880c686d926ce1d1ff1ecc2f2878073c	EGAD00001003960	21174950747
LUSC-KR	2014_Lung_sq_57_T	EGAN00001654369	EGAX00001604732	EGAR00001650054	SSH-PKC_1920-T.bam	EGAF00001871741	fc3d7b576b08174c7d58a87f2ac3b433	81b675ed19fd7eb442587590bb424319	EGAD00001003960	22261014503
LUSC-KR	2014_Lung_sq_51_N	EGAN00001654259	EGAX00001604622	EGAR00001649944	SSH-PKC_3030-N.bam	EGAF00001871631	ef60e9ac217ebe135a720552fd6dbbe6	2f60d8502526c7fa68932e5a3b152d13	EGAD00001003960	22676197292
LUSC-KR	42D-N	EGAN00001253450	EGAX00001627872	EGAR00001673433	42N_D_sorted_dupl_realign_recalib.bam	EGAF00001904536	37c5ef6b3af64da1a0d26943862517ef	c06c3d50f664486cf4934af31661e845	EGAD00001004027	5283574574
LUSC-KR	50D-N	EGAN00001253455	EGAX00001627877	EGAR00001673438	50D-N_sorted_dupl_realign_recalib.bam	EGAF00001904566	056e6b7baafb9c849681aa58f33d27e2	b947908c35f9008b315c9d8449145ad5	EGAD00001004027	10191435218
LUSC-KR	KU-5N	EGAN00001253459	EGAX00001627881	EGAR00001673442	KU_5N_sorted_dupl_realign_recalib.bam	EGAF00001904570	7be7d7ae7faed124ab48c36ca687e5ef	c8620b1968b35cc53e91807211bcea40	EGAD00001004027	6520343698
LUSC-KR	2014_Lung_sq_97_N	EGAN00001654305	EGAX00001604668	EGAR00001649990	SSH-PKC_257-N.bam	EGAF00001871677	668f8cc3b28b14d264f49ca8fe0c6971	858fe26494a51d92a7d412b40de3c5c9	EGAD00001003960	20670539159
LUSC-KR	2014_Lung_sq_29_N	EGAN00001654237	EGAX00001604600	EGAR00001649922	SSH-PKC_J9_N.bam	EGAF00001871609	31bdc40f6f857a1c64500260cba14d27	31c763d986517fd20c7892053ed3f377	EGAD00001003960	11162715811
LUSC-KR	2014_Lung_sq_104_T	EGAN00001654416	EGAX00001604779	EGAR00001650101	SSH-PKC_407-T.bam	EGAF00001871788	6368d96b9e0e143fc8d5deacf4b76e45	20586701e045979c61ad2e84e0f3a005	EGAD00001003960	5683656283
LUSC-KR	KU-32N	EGAN00001253464	EGAX00001627886	EGAR00001673447	KU_32N_sorted_dupl_realign_recalib.bam	EGAF00001904575	53bbbf2c959bb2047e15175e8f7e619f	c9c03ec8aafa98dcc5d528d3de2324b1	EGAD00001004027	8155064282
LUSC-KR	2014_Lung_sq_63_T	EGAN00001654375	EGAX00001604738	EGAR00001650060	SSH-PKC_2296-T.bam	EGAF00001871747	664ef460f8a95be46458391694ee6463	3c17863cdd9dfcdc0ef345750c0c1ddc	EGAD00001003960	15421196829
LUSC-KR	2014_Lung_sq_05_N	EGAN00001654213	EGAX00001604576	EGAR00001649898	SSH-PKC_J46_N.bam	EGAF00001871585	87687aabd9227a740fd8f5ec711908f4	84365316a29a87fa8e31aeed1e2355a0	EGAD00001003960	33823622860
LUSC-KR	KU-4T	EGAN00001253494	EGAX00001627916	EGAR00001673477	KU_4T_sorted_dupl_realign_recalib.bam	EGAF00001904557	ab464667265226364fd2bab40a91ff2a	8ca6035ca73b059532498699646f01ea	EGAD00001004027	6151669439
LUSC-KR	2014_Lung_sq_38_N	EGAN00001654246	EGAX00001604609	EGAR00001649931	SSH-PKC_742-N.bam	EGAF00001871618	6dec80cd9947535cf1c4eda5987fba54	d7624309b4d9f5c282bb756cbfb1803f	EGAD00001003960	16166435374
LUSC-KR	2014_Lung_sq_63_N	EGAN00001654271	EGAX00001604634	EGAR00001649956	SSH-PKC_2296-N.bam	EGAF00001871643	c05f645ba61c57a6e6035397dbbcfc12	64a9bd3f3573c18d7c900dce0f6e6c7f	EGAD00001003960	20978921800
LUSC-KR	4D-T	EGAN00001253468	EGAX00001627890	EGAR00001673451	4D-T_sorted_dupl_realign_recalib.bam	EGAF00001904579	e7c56b537bab567129c76bf652666590	0c2f7ae0396d34b6abb96d47eeaf3009	EGAD00001004027	8327809013
LUSC-KR	2014_Lung_sq_44_T	EGAN00001654356	EGAX00001604719	EGAR00001650041	SSH-PKC_3402-T.bam	EGAF00001871728	517879afc411b1550b422b596c35e2c0	e83142060b03db4e665e7dd51480a405	EGAD00001003960	16071229948
LUSC-KR	2014_Lung_sq_34_T	EGAN00001654346	EGAX00001604709	EGAR00001650031	SSH-PKC_545-T.bam	EGAF00001871718	aef3c888d6cfa5eebb653f30f3757073	b261ff1070b438358a98e08a401b79fa	EGAD00001003960	14660471092
LUSC-KR	2014_Lung_sq_42_T	EGAN00001654354	EGAX00001604717	EGAR00001650039	SSH-PKC_1261-T.bam	EGAF00001871726	aa4abed1725e1b4df5313ad629e40bd8	f4f7cc50ddb6eafa140076227e55fcf2	EGAD00001003960	18690080143
LUSC-KR	2014_Lung_sq_21_N	EGAN00001654229	EGAX00001604592	EGAR00001649914	SSH-PKC_J75_N.bam	EGAF00001871601	3580ed7fb6c0d2e05b083eab69b1c5a7	72b3fc941aee29ae9e6364f02207a10f	EGAD00001003960	13606688089
LUSC-KR	2014_Lung_sq_74_T	EGAN00001654386	EGAX00001604749	EGAR00001650071	SSH-PKC_1338-T.bam	EGAF00001871758	5028d28db5416a77b63eb33443ff8b89	08006b8d5e43e0770ed5da899e2c9aa7	EGAD00001003960	14039252693
LUSC-KR	2014_Lung_sq_55_T	EGAN00001654367	EGAX00001604730	EGAR00001650052	SSH-PKC_3584-T.bam	EGAF00001871739	1aa58c9c56a6aacb89bb4d51e8322577	915856421031270f28b40bd68db6dc1d	EGAD00001003960	25521017721
LUSC-KR	2014_Lung_sq_33_N	EGAN00001654241	EGAX00001604604	EGAR00001649926	SSH-PKC_783-N.bam	EGAF00001871613	03a9c387b30c9bf28232859f6551ec1e	08677b31d911f9983d8c91875f3d4549	EGAD00001003960	16620314867
LUSC-KR	2014_Lung_sq_20_T	EGAN00001654332	EGAX00001604695	EGAR00001650017	SSH-PKC_J74_T.bam	EGAF00001871704	7af5e57780cdc75d4642384018a5fbba	ff232d178b0f26af3c6e9810e12ac807	EGAD00001003960	14866404839
LUSC-KR	2014_Lung_sq_35_T	EGAN00001654347	EGAX00001604710	EGAR00001650032	SSH-PKC_1255-T.bam	EGAF00001871719	f4ac82b3d9e8d0543806c11e8551a6f0	a0db7749edb036235c636f40ac8d8f1b	EGAD00001003960	15968321906
LUSC-KR	2014_Lung_sq_54_N	EGAN00001654262	EGAX00001604625	EGAR00001649947	SSH-PKC_3498-N.bam	EGAF00001871634	89f9f4b936b59ec7b97205f8d46cd389	492581739288c5f16f3e54585726dec4	EGAD00001003960	21669616670
LUSC-KR	2014_Lung_sq_58_N	EGAN00001654266	EGAX00001604629	EGAR00001649951	SSH-PKC_4132-N.bam	EGAF00001871638	032ba1709a07cdadc7296a86988d1f26	c18fa0f8dd040f50077998e7c338a5fc	EGAD00001003960	23099476597
LUSC-KR	2014_Lung_sq_64_T	EGAN00001654376	EGAX00001604739	EGAR00001650061	SSH-PKC_3093-T.bam	EGAF00001871748	a6ccd70fc3e326a2952253b149da8988	77c9c3e94a9c5b4d29063b59f0271b98	EGAD00001003960	15192684014
LUSC-KR	2014_Lung_sq_90_T	EGAN00001654402	EGAX00001604765	EGAR00001650087	SSH-PKC_48-T.bam	EGAF00001871774	f2b84900d0be556131c7d7038901cb10	d02df4e51cfc47316dee6d0dfff24c6c	EGAD00001003960	17508008608
LUSC-KR	2014_Lung_sq_90_N	EGAN00001654298	EGAX00001604661	EGAR00001649983	SSH-PKC_48-N.bam	EGAF00001871670	7b7d8bfbdbb13b06b15fb88f39ca8247	fb468a124649586a1f481000e6baac4e	EGAD00001003960	23115970346
LUSC-KR	2014_Lung_sq_53_T	EGAN00001654365	EGAX00001604728	EGAR00001650050	SSH-PKC_4095-T.bam	EGAF00001871737	14d94ee531b5af01dfc291ef3269961b	76cbc9a9172a8ba9259c6cc13b32e9e2	EGAD00001003960	14668427162
LUSC-KR	KU-1T	EGAN00001253492	EGAX00001627914	EGAR00001673475	KU_1T_sorted_dupl_realign_recalib.bam	EGAF00001904555	32d2892ebc86ac4480d63548e5516d87	387a286f92837c8462c7f6d24028e8ac	EGAD00001004027	5827697452
LUSC-KR	2014_Lung_sq_89_N	EGAN00001654297	EGAX00001604660	EGAR00001649982	SSH-PKC_304-N.bam	EGAF00001871669	608f9cb7e0e035a6d2d01955d959b06d	c4ad76e44cfda73e078dfb184b9fda56	EGAD00001003960	17412653091
LUSC-KR	2014_Lung_sq_75_N	EGAN00001654283	EGAX00001604646	EGAR00001649968	SSH-PKC_1238-N.bam	EGAF00001871655	b38c8355c36c0b2f60b0ce013147fc6c	e3e1a5ef5768a1f05be2ed8d82cacef4	EGAD00001003960	17273406743
LUSC-KR	30D-N	EGAN00001253445	EGAX00001627867	EGAR00001673428	30_sorted_dupl_realign_recalib.bam	EGAF00001904531	47890f3c2b7eebf4c8b68788a57c04f4	976df85e1330a361633ee35c7c1f99a9	EGAD00001004027	12407918515
LUSC-KR	2014_Lung_sq_12_T	EGAN00001654324	EGAX00001604687	EGAR00001650009	SSH-PKC_J38_T.bam	EGAF00001871696	dc2bf972b4f6d48fc8385b8fdccb01cd	ddf8569c5ffe2861a6207d0cc0f576aa	EGAD00001003960	21566263736
LUSC-KR	2014_Lung_sq_28_N	EGAN00001654236	EGAX00001604599	EGAR00001649921	SSH-PKC_J1_N.bam	EGAF00001871608	ccbaa9ff78b8f3f27755a5dd2caa48f5	6b705918c7ee2bf9095b87b1c094d71c	EGAD00001003960	23938746840
LUSC-KR	2014_Lung_sq_07_T	EGAN00001654319	EGAX00001604682	EGAR00001650004	SSH-PKC_J52_T.bam	EGAF00001871691	889efc7ac9eee988d8af8aba8b50d160	d7d4ac69a78efabeb0d852267e59143f	EGAD00001003960	13119901505
LUSC-KR	2014_Lung_sq_59_N	EGAN00001654267	EGAX00001604630	EGAR00001649952	SSH-PKC_1829-N.bam	EGAF00001871639	66db0c57faaeec3c2dac3dc81079f6c6	ac76a1e36df1482bba67ddab03f12a8c	EGAD00001003960	19602720457
LUSC-KR	2014_Lung_sq_21_T	EGAN00001654333	EGAX00001604696	EGAR00001650018	SSH-PKC_J75_T.bam	EGAF00001871705	772602f9b2d85261b10887fabe9e190b	5af3423e0b2fbb55a38f479e8f007646	EGAD00001003960	19973428434
LUSC-KR	2014_Lung_sq_48_N	EGAN00001654256	EGAX00001604619	EGAR00001649941	SSH-PKC_1953-N.bam	EGAF00001871628	939838c5ec674da4875637ceb3117f64	6a7507fa9657bc8d762d1cb3940bdf02	EGAD00001003960	23782525481
LUSC-KR	2014_Lung_sq_30_N	EGAN00001654238	EGAX00001604601	EGAR00001649923	SSH-PKC_3676-N.bam	EGAF00001871610	b5134937d30550da3dbabacc9763e2a2	31c111bb375e7b2f79c70e381864113c	EGAD00001003960	13725166524
LUSC-KR	2014_Lung_sq_76_T	EGAN00001654388	EGAX00001604751	EGAR00001650073	SSH-PKC_296-T.bam	EGAF00001871760	c0456b7ae060c9a1b0ca161f66e09bbc	9119111c10e57cdbdf519659064ded28	EGAD00001003960	20296639375
LUSC-KR	2014_Lung_sq_76_N	EGAN00001654284	EGAX00001604647	EGAR00001649969	SSH-PKC_296-N.bam	EGAF00001871656	00bf6ebac3017a70461d4115f0ce0fc0	8b6b8edeccebafde9820a43580e9ae15	EGAD00001003960	17380802660
LUSC-KR	2014_Lung_sq_79_N	EGAN00001654287	EGAX00001604650	EGAR00001649972	SSH-PKC_926-N.bam	EGAF00001871659	a1e98f47cf839a975b39b430866093bd	1f9656569d640a5f16a57dc54b306c56	EGAD00001003960	14635002679
LUSC-KR	2014_Lung_sq_103_T	EGAN00001654415	EGAX00001604778	EGAR00001650100	SSH-PKC_363-T.bam	EGAF00001871787	9a4c38d7259baa64bd80761d8d7520b5	c5492c518eb4f434a49046cd6e4552a0	EGAD00001003960	19401429187
LUSC-KR	2014_Lung_sq_18_N	EGAN00001654226	EGAX00001604589	EGAR00001649911	SSH-PKC_J85_N.bam	EGAF00001871598	ee0202a4c765b3c8eb5c7168a5a3eb92	eb91894f2f7e30848d45ee92a5ae7d71	EGAD00001003960	16049219730
LUSC-KR	2014_Lung_sq_104_N	EGAN00001654312	EGAX00001604675	EGAR00001649997	SSH-PKC_407-N.bam	EGAF00001871684	7c9f7f9aef17ee60a462e1587f3adb32	b1f3a59c9eb041f70046ef2e02876d81	EGAD00001003960	22825145094
LUSC-KR	2014_Lung_sq_100_N	EGAN00001654308	EGAX00001604671	EGAR00001649993	SSH-PKC_259-N.bam	EGAF00001871680	3b3ec146e1530e358349f0e6889fa9e3	81f90db1f4af55369a0e524fc241f146	EGAD00001003960	12234646986
LUSC-KR	2014_Lung_sq_72_N	EGAN00001654280	EGAX00001604643	EGAR00001649965	SSH-PKC_4537-N.bam	EGAF00001871652	39f006a0abe2a27e77d07a658362e35a	333ee999b1f3dabee74cbd4568897e60	EGAD00001003960	22124360288
LUSC-KR	2014_Lung_sq_69_T	EGAN00001654381	EGAX00001604744	EGAR00001650066	SSH-PKC_2881-T.bam	EGAF00001871753	4a3933597b84715c65d6609d1c867e2f	0947715a328bc705eb1284ca01bdf29a	EGAD00001003960	16511699986
LUSC-KR	9D-T	EGAN00001253472	EGAX00001627894	EGAR00001673455	9D-T_sorted_dupl_realign_recalib.bam	EGAF00001904583	446640e050ddb1629cacdfefb6e9f38e	b5c013ba96408e90f7fe3cc2ed8df3dd	EGAD00001004027	9144097773
LUSC-KR	KU-30T	EGAN00001253499	EGAX00001627921	EGAR00001673482	KU_30T_sorted_dupl_realign_recalib.bam	EGAF00001904562	fcd567494f2c2dd75764c2991229a7ac	a90da910d16d92f6f34e523854705cfe	EGAD00001004027	6894407196
LUSC-KR	6D-N	EGAN00001253434	EGAX00001627856	EGAR00001673417	6D-N_sorted_dupl_realign_recalib.bam	EGAF00001904520	08ba94cb711c3e2f073b10322e0cc3fd	94f15cda5c70a23f2b011a9e22216966	EGAD00001004027	5822618518
LUSC-KR	2014_Lung_sq_16_N	EGAN00001654224	EGAX00001604587	EGAR00001649909	SSH-PKC_J87_N.bam	EGAF00001871596	aff2d9e8fb77a4a4de5e4749f1872bd9	f097a5636cc0e74e1ac3c58b76ca39b6	EGAD00001003960	22528461167
LUSC-KR	2014_Lung_sq_73_N	EGAN00001654281	EGAX00001604644	EGAR00001649966	SSH-PKC_1409-N.bam	EGAF00001871653	ccba9fbcc2ebe18514c25978d0b8ff6d	f714c4d647385e09d9b886906ece9132	EGAD00001003960	16949624300
