project_code	submitter_sample_id	ega_sample_id	ega_experiment_id	ega_run_id	file_name	ega_file_id	encrypted_file_md5sum	file_md5sum	dataset_id
EOPC-DE	EOPC-154_tumor_01	EGAN00001422061	EGAX00001432215	EGAR00001469667	WGS_PAIRED_EOPC-154_tumor_01__ST-E00246_0022_AH2H23ALXX_L004_R2.fastq.gz	EGAF00001302122	4a4a7bba7dd2114762c6882858b60d59	b0f3d3ab9eafdd8eca8bdcca9e13c802	EGAD00001002669
EOPC-DE	EOPC-06_normal	EGAN00001085919	EGAX00001071846	EGAR00001074556	EOPC-06_normal_merged.bam.rmdup.bam.gpg	EGAF00000145187	8b96b162b17c0aebd423223601c2da34	5889e9d814f26c1e8eb23582ace84ee6	EGAD00001000270,EGAD00001000306
EOPC-DE	EOPC-011_normal	EGAN00001089460	EGAX00001081510	EGAR00001085073	WGS_MATE_PAIR_EOPC-011_normal_EMBL_run110629_HWI-EAS225_00062_FC_62K8TAAXX_s_3_sequence.bam.gpg	EGAF00000154456	f9c5cbbbf540c4f608155519d4cf3535	aa7a95281a5efa3bb2b3e6a83b1882e1	EGAD00001000303
EOPC-DE	EOPC-08_normal	EGAN00001085921	EGAX00001071848	EGAR00001074558	EOPC-08_normal_merged.bam.rmdup.bam.gpg	EGAF00000145189	9ec257172084ab7e4fc20ddcc228c7d1	eacb4c914cc904049a50d8b3bf5fdec1	EGAD00001000270,EGAD00001000306
EOPC-DE	EOPC-06_tumor	EGAN00001085920	EGAX00001071847	EGAR00001074557	EOPC-06_tumor_merged.bam.rmdup.bam.gpg	EGAF00000145188	9365bbead2397112e8ada7a055967c20	6d233ea898d9e26c0d07eff32e67f59a	EGAD00001000270,EGAD00001000306
EOPC-DE	EOPC-105_normal	EGAN00001422040	EGAX00001432181	EGAR00001469633	WGS_PAIRED_EOPC-105_normal_SN546_0253_A_C48TBACXX_L003_R1.fastq.gz	EGAF00001300676	fbfdd6e680f6b37a2723e7436871727d	c8a6d9bd1841e5fcd557aeaf434fec7d	EGAD00001002669
EOPC-DE	EOPC-106_tumor_01	EGAN00001422043	EGAX00001432187	EGAR00001469639	WGS_PAIRED_EOPC-106_tumor_01__SN546_0254_B_C4908ACXX_L003_R2.fastq.gz	EGAF00001300689	02967e9c55d5d2e6c6aa984a5412d833	629344394eba9b182b669cfe653862aa	EGAD00001002669
EOPC-DE	EOPC-06_normal	EGAN00001085919	EGAX00001081522	EGAR00001085085	WGS_MATE_PAIR_EOPC-06_normal_EMBL_run110615_HWI-EAS225_00061_FC_62K88AAXX_s_8_sequence.bam.gpg	EGAF00000154468	b10c1370409c4f6ff4ec770edbd2e245	6528f84c23d83338ef6c5e40fabf85e0	EGAD00001000303
EOPC-DE	EOPC-088_normal	EGAN00001422034	EGAX00001432159	EGAR00001469611	WGS_PAIRED_EOPC-088_normal_SN935_0205_B_C48R4ACXX_L005_R2.fastq.gz	EGAF00001300633	c42af274bf81eab9110f3aea5a33aa9c	d4e975dc22cea4992d8771ef96fcbf79	EGAD00001002669
EOPC-DE	EOPC-088_normal	EGAN00001422034	EGAX00001432159	EGAR00001469611	WGS_PAIRED_EOPC-088_normal_SN935_0205_B_C48R4ACXX_L005_R1.fastq.gz	EGAF00001300632	ac41e68af1d7b4fd949a002c44db8540	d2425d3b1e03be08ff56c654bb798f04	EGAD00001002669
EOPC-DE	EOPC-088_normal	EGAN00001422034	EGAX00001432158	EGAR00001469610	WGS_PAIRED_EOPC-088_normal_SN935_0205_B_C48R4ACXX_L004_R2.fastq.gz	EGAF00001300631	7d4df6a873e3343d6b86bc94ac672000	2647551ced5b8a4cb4836be67d69c4c1	EGAD00001002669
EOPC-DE	EOPC-088_normal	EGAN00001422034	EGAX00001432158	EGAR00001469610	WGS_PAIRED_EOPC-088_normal_SN935_0205_B_C48R4ACXX_L004_R1.fastq.gz	EGAF00001300630	2914f65833925b6887b10d56f87fb6f5	7d7d4c1c1a708661e1af4a4eabbd9694	EGAD00001002669
EOPC-DE	EOPC-089_tumor_01	EGAN00001422037	EGAX00001432161	EGAR00001469613	WGS_PAIRED_EOPC-089_tumor_01__SN935_0205_B_C48R4ACXX_L007_R2.fastq.gz	EGAF00001300637	9a918f14ebea6ac60143e1530c49280d	9d6e684c0e0ee5a7085e6f6510b3e39e	EGAD00001002669
EOPC-DE	EOPC-089_tumor_01	EGAN00001422037	EGAX00001432161	EGAR00001469613	WGS_PAIRED_EOPC-089_tumor_01__SN935_0205_B_C48R4ACXX_L007_R1.fastq.gz	EGAF00001300636	be47474c79c1701aa8f19517a7341dd4	5031dd76ccedda5c02948b185a164fd1	EGAD00001002669
EOPC-DE	EOPC-088_normal	EGAN00001422034	EGAX00001432160	EGAR00001469612	WGS_PAIRED_EOPC-088_normal_SN935_0205_B_C48R4ACXX_L006_R2.fastq.gz	EGAF00001300635	da2928ded4fe4cab800165c652251dbb	5c35c525c557d5a91390ae1837157b76	EGAD00001002669
EOPC-DE	EOPC-088_normal	EGAN00001422034	EGAX00001432160	EGAR00001469612	WGS_PAIRED_EOPC-088_normal_SN935_0205_B_C48R4ACXX_L006_R1.fastq.gz	EGAF00001300634	33349d926da888c2421d71755f722212	a14f31c445dd2c73d3012ea8da6bba4b	EGAD00001002669
EOPC-DE	EOPC-089_tumor_01	EGAN00001422037	EGAX00001432162	EGAR00001469614	WGS_PAIRED_EOPC-089_tumor_01__SN935_0205_B_C48R4ACXX_L008_R2.fastq.gz	EGAF00001300639	10a9b296654f61e8964b3df2c3440fd0	d230309bc8bdd5168b16cfdb95615e47	EGAD00001002669
EOPC-DE	EOPC-089_tumor_01	EGAN00001422037	EGAX00001432162	EGAR00001469614	WGS_PAIRED_EOPC-089_tumor_01__SN935_0205_B_C48R4ACXX_L008_R1.fastq.gz	EGAF00001300638	d6075d456b29e843f81099a1cb511e51	5aee9ba3e8d87a935f4a35b05ac388c9	EGAD00001002669
EOPC-DE	EOPC-188_normal	EGAN00001422066	EGAX00001432223	EGAR00001469675	WGS_PAIRED_EOPC-188_normal_ST-E00210_0031_BH2K5HALXX_L006_R2.fastq.gz	EGAF00001302138	0164d265306e7d9137975648e762cc96	e2d139d85021d8d389301c3137ece97f	EGAD00001002669
EOPC-DE	EOPC-145_tumor_01	EGAN00001422059	EGAX00001432213	EGAR00001469665	WGS_PAIRED_EOPC-145_tumor_01__ST-E00240_0048_AH2FGHALXX_L008_R2.fastq.gz	EGAF00001302118	11769e613c13cefd4620787012c38417	0a83cb24b7bd0f9e24c539878a898c5a	EGAD00001002669
EOPC-DE	EOPC-145_normal	EGAN00001422058	EGAX00001432214	EGAR00001469666	WGS_PAIRED_EOPC-145_normal_ST-E00240_0049_BH2HF7ALXX_L007_R1.fastq.gz	EGAF00001302119	89b991f1cf1deb62f77b9b1f364726a7	cecf2aab80110307809d8da7fe030af6	EGAD00001002669
EOPC-DE	EOPC-188_normal	EGAN00001422066	EGAX00001432224	EGAR00001469676	WGS_PAIRED_EOPC-188_normal_ST-E00240_0057_BH527TCCXX_L006_R2.fastq.gz	EGAF00001302140	a09cf211a3400ee07c6913e1667053ba	acc0dd3ea03d07085fbb5fecfc12b25e	EGAD00001002669
EOPC-DE	EOPC-139_normal	EGAN00001422056	EGAX00001432211	EGAR00001469663	WGS_PAIRED_EOPC-139_normal_ST-E00240_0062_BH5NFFCCXX_L005_R2.fastq.gz	EGAF00001302114	281ec1c5d2800106bc97c6b90d4e6e22	6105a639b453f46e4c845e4517141848	EGAD00001002669
EOPC-DE	EOPC-145_tumor_01	EGAN00001422059	EGAX00001432212	EGAR00001469664	WGS_PAIRED_EOPC-145_tumor_01__ST-E00240_0048_AH2FGHALXX_L007_R1.fastq.gz	EGAF00001302115	092929ed96c2554a24197afb7e4b0112	7cd96c50e70067aa2a75e922fda4e2b7	EGAD00001002669
EOPC-DE	EOPC-145_tumor_01	EGAN00001422059	EGAX00001432212	EGAR00001469664	WGS_PAIRED_EOPC-145_tumor_01__ST-E00240_0048_AH2FGHALXX_L007_R2.fastq.gz	EGAF00001302116	f2d001006350444d65e4085993452ace	21fabddc9c6bbe80f6c463dc65876d4c	EGAD00001002669
EOPC-DE	EOPC-145_tumor_01	EGAN00001422059	EGAX00001432213	EGAR00001469665	WGS_PAIRED_EOPC-145_tumor_01__ST-E00240_0048_AH2FGHALXX_L008_R1.fastq.gz	EGAF00001302117	44336a527dc8fd96fb81cbb0e7776e4f	104420218e6778e14f1368e3e13509ed	EGAD00001002669
EOPC-DE	EOPC-139_normal	EGAN00001422056	EGAX00001432209	EGAR00001469661	WGS_PAIRED_EOPC-139_normal_ST-E00246_0024_AH2K7LALXX_L001_R2.fastq.gz	EGAF00001302110	43a3c08d6a562f862dea7adf6ae3f569	98279e21b46ee1c418e83a32376e3b15	EGAD00001002669
EOPC-DE	EOPC-139_normal	EGAN00001422056	EGAX00001432210	EGAR00001469662	WGS_PAIRED_EOPC-139_normal_ST-E00240_0054_BH2K2MALXX_L001_R1.fastq.gz	EGAF00001302111	36dded34d46829e4e1001da7f62579c9	b163f2a2104a1f1352ad7a0bdafc389a	EGAD00001002669
EOPC-DE	EOPC-139_normal	EGAN00001422056	EGAX00001432210	EGAR00001469662	WGS_PAIRED_EOPC-139_normal_ST-E00240_0054_BH2K2MALXX_L001_R2.fastq.gz	EGAF00001302112	284c268981b7c93efcf0e8e6be1062b6	e81cf1c36be467631e2fe2de4cf7f34e	EGAD00001002669
EOPC-DE	EOPC-139_normal	EGAN00001422056	EGAX00001432211	EGAR00001469663	WGS_PAIRED_EOPC-139_normal_ST-E00240_0062_BH5NFFCCXX_L005_R1.fastq.gz	EGAF00001302113	3b61084d7e11a1cd8a3ebebc1f5d0050	29ee69a0371b7ef751c4b3753273a99f	EGAD00001002669
EOPC-DE	EOPC-09_tumor	EGAN00001089459	EGAX00001081557	EGAR00001085121	EOPC-09_tumor_merged.bam.rmdup.bam.gpg	EGAF00000154504	12b729109dd0f504e41b82296f070741	c6fec9ac41d291ef8b8ef97e08bb847b	EGAD00001000306
EOPC-DE	EOPC-09_normal	EGAN00001089458	EGAX00001081556	EGAR00001085120	EOPC-09_normal_merged.bam.rmdup.bam.gpg	EGAF00000154503	d5524ea4d1b2a8861039c3f9c59dc641	9790399c4314a8bb426e27f62b71c131	EGAD00001000306
EOPC-DE	EOPC-07_tumor	EGAN00001089457	EGAX00001081555	EGAR00001085119	EOPC-07_tumor_merged.bam.rmdup.bam.gpg	EGAF00000154502	0ca141de8fbd2931678a8d4eaaed5079	dcc38e12233e01694b6e707703b0a1ea	EGAD00001000306
EOPC-DE	EOPC-07_normal	EGAN00001089456	EGAX00001081554	EGAR00001085118	EOPC-07_normal_merged.bam.rmdup.bam.gpg	EGAF00000154501	d02742be0d7dd737d5dd9fff2d718839	176c238ea821be1907d50c7c19abd95a	EGAD00001000306
EOPC-DE	EOPC-05_tumor	EGAN00001089455	EGAX00001081553	EGAR00001085117	EOPC-05_tumor_merged.bam.rmdup.bam.gpg	EGAF00000154500	c8fa01fc1ccbd01ebfe4ff5ceed77be7	6c8d9a4a37e93c82a454761a4fdfbcf0	EGAD00001000306
EOPC-DE	EOPC-194_normal	EGAN00001422068	EGAX00001432228	EGAR00001469680	WGS_PAIRED_EOPC-194_normal_ST-E00240_0056_BH2K53ALXX_L004_R2.fastq.gz	EGAF00001302148	76a26f3390a7aa0f5538f3cfb9969492	e240e9201b331c1215f24beafd18f841	EGAD00001002669
EOPC-DE	EOPC-157_tumor_01	EGAN00001422065	EGAX00001432218	EGAR00001469670	WGS_PAIRED_EOPC-157_tumor_01__ST-E00204_0038_AH2HJKALXX_L002_R1.fastq.gz	EGAF00001302127	bb02a386678394f3c54e77a5e38858e2	4bdb4200a9a16bb5ff321575bd99b694	EGAD00001002669
EOPC-DE	EOPC-105_tumor_01	EGAN00001422041	EGAX00001432177	EGAR00001469629	WGS_PAIRED_EOPC-105_tumor_01__SN935_0207_B_C48R2ACXX_L007_R2.fastq.gz	EGAF00001300669	38406f18938931b1e00a5b134223f0b1	9278381564bbc4ca61fba7da7a1bf2f9	EGAD00001002669
EOPC-DE	EOPC-088_tumor_01	EGAN00001422035	EGAX00001432153	EGAR00001469605	WGS_PAIRED_EOPC-088_tumor_01__SN935_0204_A_C48WLACXX_L007_R1.fastq.gz	EGAF00001300620	cb029302dabb3bb232bf22271a6bf46a	511cec026fb4f5028d05a9096c1bd78c	EGAD00001002669
EOPC-DE	EOPC-088_tumor_01	EGAN00001422035	EGAX00001432153	EGAR00001469605	WGS_PAIRED_EOPC-088_tumor_01__SN935_0204_A_C48WLACXX_L007_R2.fastq.gz	EGAF00001300621	1309ba107b0492006d49e7df96f3dd73	02945a39256d7768c150b6d25a9dd90d	EGAD00001002669
EOPC-DE	EOPC-088_tumor_01	EGAN00001422035	EGAX00001432154	EGAR00001469606	WGS_PAIRED_EOPC-088_tumor_01__SN935_0204_A_C48WLACXX_L008_R1.fastq.gz	EGAF00001300622	ff08b9171963c3de08e925c142c2ad87	0153b71feb41548c64e51a82b0ec295b	EGAD00001002669
EOPC-DE	EOPC-088_tumor_01	EGAN00001422035	EGAX00001432154	EGAR00001469606	WGS_PAIRED_EOPC-088_tumor_01__SN935_0204_A_C48WLACXX_L008_R2.fastq.gz	EGAF00001300623	86b98742955a6f10433ffa08d325a97a	facdd2268df6e7a153e249c0b442d8ac	EGAD00001002669
EOPC-DE	EOPC-088_tumor_01	EGAN00001422035	EGAX00001432155	EGAR00001469607	WGS_PAIRED_EOPC-088_tumor_01__SN935_0205_B_C48R4ACXX_L001_R1.fastq.gz	EGAF00001300624	107dedec396d53600b2d6dafa94b2c36	318addd31a1fa7be7271e7e6da58a339	EGAD00001002669
EOPC-DE	EOPC-088_tumor_01	EGAN00001422035	EGAX00001432155	EGAR00001469607	WGS_PAIRED_EOPC-088_tumor_01__SN935_0205_B_C48R4ACXX_L001_R2.fastq.gz	EGAF00001300625	59e3632d2baef01a2ad7b8ced4de6a56	2f0daa849e14d0866be0bd06c37099b8	EGAD00001002669
EOPC-DE	EOPC-088_tumor_01	EGAN00001422035	EGAX00001432156	EGAR00001469608	WGS_PAIRED_EOPC-088_tumor_01__SN935_0205_B_C48R4ACXX_L002_R1.fastq.gz	EGAF00001300626	56c9fc8c38b54a53a69ed3b5152f0a3a	f797747a5927b0e777c17ba8caf77dc8	EGAD00001002669
EOPC-DE	EOPC-088_tumor_01	EGAN00001422035	EGAX00001432156	EGAR00001469608	WGS_PAIRED_EOPC-088_tumor_01__SN935_0205_B_C48R4ACXX_L002_R2.fastq.gz	EGAF00001300627	1b06e23d52e5adc041f468e7bac47c8f	e78810530b5a12829729866c473894d9	EGAD00001002669
EOPC-DE	EOPC-088_normal	EGAN00001422034	EGAX00001432157	EGAR00001469609	WGS_PAIRED_EOPC-088_normal_SN935_0205_B_C48R4ACXX_L003_R1.fastq.gz	EGAF00001300628	1fd991b022e1804d78ee544625aebf85	b4430fb3d5ccce5fb5fcf1c1d841fbe4	EGAD00001002669
EOPC-DE	EOPC-088_normal	EGAN00001422034	EGAX00001432157	EGAR00001469609	WGS_PAIRED_EOPC-088_normal_SN935_0205_B_C48R4ACXX_L003_R2.fastq.gz	EGAF00001300629	ebf425dcfacfe7fcc22d59fc69270b65	37ebdc34700dafc3c29fdaeb78c83363	EGAD00001002669
EOPC-DE	EOPC-157_tumor_01	EGAN00001422065	EGAX00001432219	EGAR00001469671	WGS_PAIRED_EOPC-157_tumor_01__ST-E00204_0038_AH2HJKALXX_L003_R1.fastq.gz	EGAF00001302129	e242338386f22bab8b8882ef8cf38abc	e7442dfd0856c63779a64448d73bb33e	EGAD00001002669
EOPC-DE	EOPC-133_tumor_01	EGAN00001422051	EGAX00001432237	EGAR00001469689	WGS_PAIRED_EOPC-133_tumor_01__ST-E00204_0034_AH2FG7ALXX_L008_R1.fastq.gz	EGAF00001302165	164b1773b94bc694e9921d76ddcdb148	a245767e251faad77d1985395182b86d	EGAD00001002669
EOPC-DE	EOPC-05_normal	EGAN00001089454	EGAX00001081520	EGAR00001085083	WGS_MATE_PAIR_EOPC-05_normal_EMBL_run110615_HWI-EAS225_00061_FC_62K88AAXX_s_5_sequence.bam.gpg	EGAF00000154466	e23b35009daf51450515e4bce141a4af	593b2c1476460c5fb7bdf6dbc2ab202b	EGAD00001000303
EOPC-DE	EOPC-133_tumor_01	EGAN00001422051	EGAX00001432236	EGAR00001469688	WGS_PAIRED_EOPC-133_tumor_01__ST-E00204_0034_AH2FG7ALXX_L007_R2.fastq.gz	EGAF00001302164	b66fd1d4263a9d3a61b2e14ef0f7fb2c	a21ccd269883590c0c77266583a216e5	EGAD00001002669
EOPC-DE	EOPC-08_tumor	EGAN00001085922	EGAX00001081527	EGAR00001085090	WGS_MATE_PAIR_EOPC-08_tumor_EMBL_run110629_GAPC01_00034_FC_70H5KAAXX_s_4_sequence.bam.gpg	EGAF00000154473	4e798f0168efe7174170b1c3b8b95e47	d48964d4fec1842e5a8647fdb79840b5	EGAD00001000303
EOPC-DE	EOPC-145_normal	EGAN00001422058	EGAX00001432214	EGAR00001469666	WGS_PAIRED_EOPC-145_normal_ST-E00240_0049_BH2HF7ALXX_L007_R2.fastq.gz	EGAF00001302120	5763736c7cd0d0a442d99ef40f155651	c0e0f35778ae50a6053dc38409b98b99	EGAD00001002669
EOPC-DE	EOPC-07_tumor	EGAN00001089457	EGAX00001081525	EGAR00001085088	WGS_MATE_PAIR_EOPC-07_tumor_EMBL_run110629_GAPC01_00034_FC_70H5KAAXX_s_2_sequence.bam.gpg	EGAF00000154471	0f11d3bd08e2691c21a90744ba6f4d2f	bc9092eb58f5902bb6898fb6b84376cf	EGAD00001000303
EOPC-DE	EOPC-188_normal	EGAN00001422066	EGAX00001432224	EGAR00001469676	WGS_PAIRED_EOPC-188_normal_ST-E00240_0057_BH527TCCXX_L006_R1.fastq.gz	EGAF00001302139	e92292883e8369a394106f8a7927c48d	57b6d1d8f03abb8f98d512fe404c983d	EGAD00001002669
EOPC-DE	EOPC-154_normal	EGAN00001422060	EGAX00001432217	EGAR00001469669	WGS_PAIRED_EOPC-154_normal_ST-E00210_0024_BH2GYYALXX_L005_R1.fastq.gz	EGAF00001302125	1eef64670fdf247e20c54a9b75f06fc5	439bd946f121406dd5cc82a6b33bab8c	EGAD00001002669
EOPC-DE	EOPC-090_normal	EGAN00001422038	EGAX00001432176	EGAR00001469628	WGS_PAIRED_EOPC-090_normal_SN935_0206_A_C48RPACXX_L008_R1.fastq.gz	EGAF00001300666	ab996d6aff3a5d7aa90f2945eb015633	7d473ca85c291e97400aa5b90e972f23	EGAD00001002669
EOPC-DE	EOPC-09_tumor	EGAN00001089459	EGAX00001081529	EGAR00001085092	WGS_MATE_PAIR_EOPC-09_tumor_EMBL_run110629_GAPC01_00034_FC_70H5KAAXX_s_6_sequence.bam.gpg	EGAF00000154475	c9c7a9ec8173599e3252d114d08ade4d	09e3533ea4d9365897bb5ff6d54dd1f5	EGAD00001000303
EOPC-DE	EOPC-09_normal	EGAN00001089458	EGAX00001081528	EGAR00001085091	WGS_MATE_PAIR_EOPC-09_normal_EMBL_run110629_GAPC01_00034_FC_70H5KAAXX_s_5_sequence.bam.gpg	EGAF00000154474	92b7948b9a16dce4b6e7a760439571a2	55220f68573cbfcda1606e7e43c2926b	EGAD00001000303
EOPC-DE	EOPC-133_tumor_01	EGAN00001422051	EGAX00001432237	EGAR00001469689	WGS_PAIRED_EOPC-133_tumor_01__ST-E00204_0034_AH2FG7ALXX_L008_R2.fastq.gz	EGAF00001302166	2134cfaa7c6cffd8ba11a4f86097bb5e	5233fd5352ee2882291b1a6f0e3f5b83	EGAD00001002669
EOPC-DE	EOPC-156_normal	EGAN00001422062	EGAX00001432235	EGAR00001469687	WGS_PAIRED_EOPC-156_normal_ST-E00210_0024_BH2GYYALXX_L007_R1.fastq.gz	EGAF00001302161	b93d2d2fdb7693caa3eb4520bf169bb2	d46bd3ae0052651a208f5c890b457a65	EGAD00001002669
EOPC-DE	EOPC-156_tumor_01	EGAN00001422063	EGAX00001432234	EGAR00001469686	WGS_PAIRED_EOPC-156_tumor_01__ST-E00240_0061_AH5MKCCCXX_L004_R2.fastq.gz	EGAF00001302160	d54a1a6c74abbf8fb9f0426d5412dd6d	4713a8ee19e5fdc8fd20db94ba046f66	EGAD00001002669
EOPC-DE	EOPC-063_normal	EGAN00001422032	EGAX00001432152	EGAR00001469604	WGS_PAIRED_EOPC-063_normal_SN700952_0260_BC4GJVACXX_L005_NoIndex_R2.fastq.gz	EGAF00001300619	08ac93946aff6a573c47fdaa4f2cdb1a	3c6c1d16a0b9ec35d79719bdebab758b	EGAD00001002669
EOPC-DE	EOPC-063_normal	EGAN00001422032	EGAX00001432152	EGAR00001469604	WGS_PAIRED_EOPC-063_normal_SN700952_0260_BC4GJVACXX_L005_NoIndex_R1.fastq.gz	EGAF00001300618	9bb476e189f475f93e22bf8d759a8371	8da4018ee251db8ad0647cb4b8f86c16	EGAD00001002669
EOPC-DE	EOPC-063_normal	EGAN00001422032	EGAX00001432150	EGAR00001469602	WGS_PAIRED_EOPC-063_normal_SN7001149_0206_BC4BK8ACXX_L004_NoIndex_R2.fastq.gz	EGAF00001300615	575566d90ceebc5ff9e35be64208688f	243b297c7c4bb9cdb80ef2a9aacb01e8	EGAD00001002669
EOPC-DE	EOPC-063_normal	EGAN00001422032	EGAX00001432150	EGAR00001469602	WGS_PAIRED_EOPC-063_normal_SN7001149_0206_BC4BK8ACXX_L004_NoIndex_R1.fastq.gz	EGAF00001300614	bd8160008a90cc62d829a52d4289db11	1f40b936e93a8ea8bef12e65acabb2e8	EGAD00001002669
EOPC-DE	EOPC-063_normal	EGAN00001422032	EGAX00001432151	EGAR00001469603	WGS_PAIRED_EOPC-063_normal_SN841_0274_AC48Y5ACXX_L005_NoIndex_R2.fastq.gz	EGAF00001300617	71faa9e74becbcb3bc772693bad88bf9	d4067dca3ecc69203d6b8c4072e178c2	EGAD00001002669
EOPC-DE	EOPC-063_normal	EGAN00001422032	EGAX00001432151	EGAR00001469603	WGS_PAIRED_EOPC-063_normal_SN841_0274_AC48Y5ACXX_L005_NoIndex_R1.fastq.gz	EGAF00001300616	240233441f59b754ab1fb195a0aa37d0	c82686561eb847010f2dd6a964efa30e	EGAD00001002669
EOPC-DE	EOPC-063_tumor_01	EGAN00001422033	EGAX00001432148	EGAR00001469600	WGS_PAIRED_EOPC-063_tumor_01__SN841_0278_AC4H4KACXX_L007_NoIndex_R2.fastq.gz	EGAF00001300611	be17d47081be7be575a24d3c85bce675	417839358aa63c2a8e154a72e71f5e10	EGAD00001002669
EOPC-DE	EOPC-063_tumor_01	EGAN00001422033	EGAX00001432148	EGAR00001469600	WGS_PAIRED_EOPC-063_tumor_01__SN841_0278_AC4H4KACXX_L007_NoIndex_R1.fastq.gz	EGAF00001300610	f51d7c892d09b4371b801b301b5390af	c9e539d1a92033dfa99516bb24504a92	EGAD00001002669
EOPC-DE	EOPC-063_tumor_01	EGAN00001422033	EGAX00001432149	EGAR00001469601	WGS_PAIRED_EOPC-063_tumor_01__SN841_0278_AC4H4KACXX_L008_NoIndex_R2.fastq.gz	EGAF00001300613	cd4422fc971e3d50f735b65be904aab7	966ff469af39acd5f0ebc878d282b7e7	EGAD00001002669
EOPC-DE	EOPC-063_tumor_01	EGAN00001422033	EGAX00001432149	EGAR00001469601	WGS_PAIRED_EOPC-063_tumor_01__SN841_0278_AC4H4KACXX_L008_NoIndex_R1.fastq.gz	EGAF00001300612	1caa94588acf902acd52e6e3e47090ab	fcd0990e0f5d414898f78009c22ce622	EGAD00001002669
EOPC-DE	EOPC-157_tumor_01	EGAN00001422065	EGAX00001432218	EGAR00001469670	WGS_PAIRED_EOPC-157_tumor_01__ST-E00204_0038_AH2HJKALXX_L002_R2.fastq.gz	EGAF00001302128	501d39b6a39620b400ce9ab4d172d580	4105c9df1b274771503ec1406964f4b8	EGAD00001002669
EOPC-DE	EOPC-188_tumor_01	EGAN00001422067	EGAX00001432222	EGAR00001469674	WGS_PAIRED_EOPC-188_tumor_01__ST-E00210_0029_BH2K3KALXX_L005_R2.fastq.gz	EGAF00001302136	f4f07aaef02f3c4df9df6f43edee6a2b	bd2a51c1362b866db40a952e753708a7	EGAD00001002669
EOPC-DE	EOPC-06_tumor	EGAN00001085920	EGAX00001081523	EGAR00001085086	WGS_MATE_PAIR_EOPC-06_tumor_EMBL_run110615_HWI-EAS225_00061_FC_62K88AAXX_s_7_sequence.bam.gpg	EGAF00000154469	e665db73935b5c57f5089a0edbf09754	283ed0d48c98cb46bcb96b76a7ac7704	EGAD00001000303
EOPC-DE	EOPC-188_tumor_01	EGAN00001422067	EGAX00001432221	EGAR00001469673	WGS_PAIRED_EOPC-188_tumor_01__ST-E00210_0029_BH2K3KALXX_L004_R2.fastq.gz	EGAF00001302134	43216b52e5113be2032641dd4edb8ab4	ae8fb83556a0aa6de9d443c06c4508d7	EGAD00001002669
EOPC-DE	EOPC-188_tumor_01	EGAN00001422067	EGAX00001432222	EGAR00001469674	WGS_PAIRED_EOPC-188_tumor_01__ST-E00210_0029_BH2K3KALXX_L005_R1.fastq.gz	EGAF00001302135	0c1c4c9f189fa526dd447100171b6390	5675a0f3f34d80659c8cdbadc09b7b98	EGAD00001002669
EOPC-DE	EOPC-157_normal	EGAN00001422064	EGAX00001432220	EGAR00001469672	WGS_PAIRED_EOPC-157_normal_ST-E00210_0024_BH2GYYALXX_L008_R2.fastq.gz	EGAF00001302132	f32d5df2c203d7f30d04f7ad9c777081	9dd05d9434676092d06550320245e82a	EGAD00001002669
EOPC-DE	EOPC-188_tumor_01	EGAN00001422067	EGAX00001432221	EGAR00001469673	WGS_PAIRED_EOPC-188_tumor_01__ST-E00210_0029_BH2K3KALXX_L004_R1.fastq.gz	EGAF00001302133	9ee789d2a323d106c9f48cd6fa1399b3	8ef91cfa3b969841d1d4799cc4df4685	EGAD00001002669
EOPC-DE	EOPC-157_tumor_01	EGAN00001422065	EGAX00001432219	EGAR00001469671	WGS_PAIRED_EOPC-157_tumor_01__ST-E00204_0038_AH2HJKALXX_L003_R2.fastq.gz	EGAF00001302130	0c9ed8a6adfe0e0162b14b7c6f98dbfe	f32cb94c943ca28dde6b4abd7ea44ab0	EGAD00001002669
EOPC-DE	EOPC-157_normal	EGAN00001422064	EGAX00001432220	EGAR00001469672	WGS_PAIRED_EOPC-157_normal_ST-E00210_0024_BH2GYYALXX_L008_R1.fastq.gz	EGAF00001302131	9bc43a83d444fce629aa6a941025ee23	d498f4409b6ff776553036234a2872ef	EGAD00001002669
EOPC-DE	EOPC-02_normal	EGAN00001089448	EGAX00001081514	EGAR00001085077	WGS_MATE_PAIR_EOPC-02_normal_EMBL_run110427_HWI-EAS225_00053_FC_62GPRAAXX_s_2_sequence.bam.gpg	EGAF00000154460	5f2a399cfb9a6448e8d05e5fdf9668d2	89230e062b34b8d76171a20ac2e0896e	EGAD00001000303
EOPC-DE	EOPC-02_tumor	EGAN00001089449	EGAX00001081515	EGAR00001085078	WGS_MATE_PAIR_EOPC-02_tumor_EMBL_run110427_HWI-EAS225_00053_FC_62GPRAAXX_s_3_sequence.bam.gpg	EGAF00000154461	fbb7176708b6c1bda9f7284fd8405edd	15fa571e68013136cf24243ee21a5db6	EGAD00001000303
EOPC-DE	EOPC-03_normal	EGAN00001089450	EGAX00001081516	EGAR00001085079	WGS_MATE_PAIR_EOPC-03_normal_EMBL_run110427_HWI-EAS225_00053_FC_62GPRAAXX_s_4_sequence.bam.gpg	EGAF00000154462	65fe593689159eb6ab8b39de956c79da	631ae31b01d8534852a4598044f0fb1b	EGAD00001000303
EOPC-DE	EOPC-03_tumor	EGAN00001089451	EGAX00001081517	EGAR00001085080	WGS_MATE_PAIR_EOPC-03_tumor_EMBL_run110427_HWI-EAS225_00053_FC_62GPRAAXX_s_5_sequence.bam.gpg	EGAF00000154463	ffe7be926a1b5fb82308e34374341b2b	4f931f5a84e503ad872a420fa0aeb816	EGAD00001000303
EOPC-DE	EOPC-04_normal	EGAN00001089452	EGAX00001081518	EGAR00001085081	WGS_MATE_PAIR_EOPC-04_normal_EMBL_run111122_SN169_0250_BD073KACXX_s_120521_2_001_sequence.bam.gpg	EGAF00000154464	384878e33dfd4a33dba9eb8eefc86987	80e5d30c782e85d05fd6887cf50905ed	EGAD00001000303
EOPC-DE	EOPC-04_tumor	EGAN00001089453	EGAX00001081519	EGAR00001085082	WGS_MATE_PAIR_EOPC-04_tumor_EMBL_run110427_HWI-EAS225_00053_FC_62GPRAAXX_s_7_sequence.bam.gpg	EGAF00000154465	f62ff7796a0d14e9cd80343f42f0acf9	6f79dfab18f6b862411640917321f9c7	EGAD00001000303
EOPC-DE	EOPC-08_tumor	EGAN00001085922	EGAX00001071849	EGAR00001074559	EOPC-08_tumor_merged.bam.rmdup.bam.gpg	EGAF00000145190	0c828cb5cdc5aea882b284a90ab3f463	3c9d12701a00a2fd8c9f50772db366f7	EGAD00001000270,EGAD00001000306
EOPC-DE	EOPC-05_tumor	EGAN00001089455	EGAX00001081521	EGAR00001085084	WGS_MATE_PAIR_EOPC-05_tumor_EMBL_run110615_HWI-EAS225_00061_FC_62K88AAXX_s_6_sequence.bam.gpg	EGAF00000154467	21015d6f98917b945d65769f48d59dbb	73de5c83450f75dbdd61f9565cf98063	EGAD00001000303
EOPC-DE	EOPC-105_normal	EGAN00001422040	EGAX00001432184	EGAR00001469636	WGS_PAIRED_EOPC-105_normal_SN546_0253_A_C48TBACXX_L006_R1.fastq.gz	EGAF00001300682	d01025723c41ecfe7837a03188e7e2ac	bd5355e29088d57016f7dbcc97dec123	EGAD00001002669
EOPC-DE	EOPC-105_normal	EGAN00001422040	EGAX00001432184	EGAR00001469636	WGS_PAIRED_EOPC-105_normal_SN546_0253_A_C48TBACXX_L006_R2.fastq.gz	EGAF00001300683	8f9347df130a57dc299746cdd40ac167	a29cb876397b44854d4b866cf530afc6	EGAD00001002669
EOPC-DE	EOPC-105_normal	EGAN00001422040	EGAX00001432183	EGAR00001469635	WGS_PAIRED_EOPC-105_normal_SN546_0253_A_C48TBACXX_L005_R1.fastq.gz	EGAF00001300680	233feb081048044e8dbe7470c4524202	9b5588855da9e52f3f6358ffa1d7aafc	EGAD00001002669
EOPC-DE	EOPC-105_normal	EGAN00001422040	EGAX00001432183	EGAR00001469635	WGS_PAIRED_EOPC-105_normal_SN546_0253_A_C48TBACXX_L005_R2.fastq.gz	EGAF00001300681	12c2de3046f594ca8ed1ebe9f094cd92	a7a5b75507d067ae10f980d5d7607e77	EGAD00001002669
EOPC-DE	EOPC-106_tumor_01	EGAN00001422043	EGAX00001432186	EGAR00001469638	WGS_PAIRED_EOPC-106_tumor_01__SN546_0254_B_C4908ACXX_L002_R1.fastq.gz	EGAF00001300686	14893d130a78121affae73c772f0cf2f	05e5c0056488f4505ab8c7234ed286fe	EGAD00001002669
EOPC-DE	EOPC-133_tumor_01	EGAN00001422051	EGAX00001432236	EGAR00001469688	WGS_PAIRED_EOPC-133_tumor_01__ST-E00204_0034_AH2FG7ALXX_L007_R1.fastq.gz	EGAF00001302163	6572f5b88771d5d2872064bac1817792	e456106e843ef120311a7355587f6a1b	EGAD00001002669
EOPC-DE	EOPC-106_tumor_01	EGAN00001422043	EGAX00001432185	EGAR00001469637	WGS_PAIRED_EOPC-106_tumor_01__SN546_0254_B_C4908ACXX_L001_R1.fastq.gz	EGAF00001300684	291e84731d690a4e8f4114191378c441	45003c6aa893626770527ba80be40272	EGAD00001002669
EOPC-DE	EOPC-106_tumor_01	EGAN00001422043	EGAX00001432185	EGAR00001469637	WGS_PAIRED_EOPC-106_tumor_01__SN546_0254_B_C4908ACXX_L001_R2.fastq.gz	EGAF00001300685	0bf816c699569ed427f103075975ad85	13d1e3ac169f178a1a874569488525b3	EGAD00001002669
EOPC-DE	EOPC-106_tumor_01	EGAN00001422043	EGAX00001432187	EGAR00001469639	WGS_PAIRED_EOPC-106_tumor_01__SN546_0254_B_C4908ACXX_L003_R1.fastq.gz	EGAF00001300688	d295bdee2c7f78a87bb3df8dfa2c6319	fcfd53519d45083415eefb003e709941	EGAD00001002669
EOPC-DE	EOPC-188_normal	EGAN00001422066	EGAX00001432223	EGAR00001469675	WGS_PAIRED_EOPC-188_normal_ST-E00210_0031_BH2K5HALXX_L006_R1.fastq.gz	EGAF00001302137	d295bf99f1802fdd1197840dca2e8d3c	dd8b490c006db4ed015a03a3ca41e85f	EGAD00001002669
EOPC-DE	EOPC-154_tumor_01	EGAN00001422061	EGAX00001432215	EGAR00001469667	WGS_PAIRED_EOPC-154_tumor_01__ST-E00246_0022_AH2H23ALXX_L004_R1.fastq.gz	EGAF00001302121	4f6fe5b6ceae0b1bb84a94f5d6eda084	37325af582628bde93d04ff42faa6259	EGAD00001002669
EOPC-DE	EOPC-063_tumor_01	EGAN00001422033	EGAX00001432147	EGAR00001469599	WGS_PAIRED_EOPC-063_tumor_01__SN841_0278_AC4H4KACXX_L006_NoIndex_R1.fastq.gz	EGAF00001300608	651a9de3e3e5b81ab34f6b767179115b	7060fa14494367baee9b1cd43b346edb	EGAD00001002669
EOPC-DE	EOPC-063_tumor_01	EGAN00001422033	EGAX00001432147	EGAR00001469599	WGS_PAIRED_EOPC-063_tumor_01__SN841_0278_AC4H4KACXX_L006_NoIndex_R2.fastq.gz	EGAF00001300609	ba8fc08a57373fe6943cedf118642cc6	5a89ca3416877bc29bd78044388d1694	EGAD00001002669
EOPC-DE	EOPC-010_tumor	EGAN00001085906	EGAX00001071833	EGAR00001074543	EOPC-010_tumor_merged.bam.rmdup.bam.gpg	EGAF00000145174	7be22e498f94ba100c26b489c9c696b7	14f652b901c165fa0b5a6659ca03d3bb	EGAD00001000270,EGAD00001000306
EOPC-DE	EOPC-01_normal	EGAN00001085909	EGAX00001071836	EGAR00001074546	EOPC-01_normal_merged.bam.rmdup.bam.gpg	EGAF00000145177	4c3e45e5c84cf664c2e54bd7deb10ec6	50898f879b77b46dd8c662b73c5e2fd2	EGAD00001000270,EGAD00001000306
EOPC-DE	EOPC-01_tumor	EGAN00001085910	EGAX00001071837	EGAR00001074547	EOPC-01_tumor_merged.bam.rmdup.bam.gpg	EGAF00000145178	b81cd94e5f238a900dbb791427c8450f	deeb2ebb59db7dc5131846be050d497a	EGAD00001000270,EGAD00001000306
EOPC-DE	EOPC-063_tumor_01	EGAN00001422033	EGAX00001432146	EGAR00001469598	WGS_PAIRED_EOPC-063_tumor_01__SN7001153_0202_BC47UJACXX_L005_NoIndex_R1.fastq.gz	EGAF00001300606	d93876284675cf07642d77ce55a8b006	cf227e42e5a358104f992587efc1e79e	EGAD00001002669
EOPC-DE	EOPC-063_tumor_01	EGAN00001422033	EGAX00001432146	EGAR00001469598	WGS_PAIRED_EOPC-063_tumor_01__SN7001153_0202_BC47UJACXX_L005_NoIndex_R2.fastq.gz	EGAF00001300607	a25bb03ddbf9490e0dd4fde902e45654	5d37f27cbd8257213f9c9f0486c368d3	EGAD00001002669
EOPC-DE	EOPC-154_tumor_01	EGAN00001422061	EGAX00001432216	EGAR00001469668	WGS_PAIRED_EOPC-154_tumor_01__ST-E00246_0022_AH2H23ALXX_L005_R1.fastq.gz	EGAF00001302123	beacfde93ec02cb3b6800d6b65b7ae19	38584736f74c8ef44de36f02bca53502	EGAD00001002669
EOPC-DE	EOPC-156_normal	EGAN00001422062	EGAX00001432235	EGAR00001469687	WGS_PAIRED_EOPC-156_normal_ST-E00210_0024_BH2GYYALXX_L007_R2.fastq.gz	EGAF00001302162	3bcefcbc26ec341e71df899483b99734	12f4e5b355a546a9c3e3af5fadf782f8	EGAD00001002669
EOPC-DE	EOPC-105_normal	EGAN00001422040	EGAX00001432182	EGAR00001469634	WGS_PAIRED_EOPC-105_normal_SN546_0253_A_C48TBACXX_L004_R2.fastq.gz	EGAF00001300679	4b4a352bc81ab9314b0857990e7dbfc5	666476b805c4f992f1b8a4d4b042692b	EGAD00001002669
EOPC-DE	EOPC-105_normal	EGAN00001422040	EGAX00001432182	EGAR00001469634	WGS_PAIRED_EOPC-105_normal_SN546_0253_A_C48TBACXX_L004_R1.fastq.gz	EGAF00001300678	277a9be53b6c3e2ebe5d7458951f3258	b445ff1712241c326df7dac10b3e149a	EGAD00001002669
EOPC-DE	EOPC-154_tumor_01	EGAN00001422061	EGAX00001432216	EGAR00001469668	WGS_PAIRED_EOPC-154_tumor_01__ST-E00246_0022_AH2H23ALXX_L005_R2.fastq.gz	EGAF00001302124	df5f91a37eadb0f92a809d6503a8ede4	7bc58d50138c5d7b196cedb4cf170118	EGAD00001002669
EOPC-DE	EOPC-010_tumor	EGAN00001085906	EGAX00001081509	EGAR00001085072	WGS_MATE_PAIR_EOPC-010_tumor_EMBL_run110629_HWI-EAS225_00062_FC_62K8TAAXX_s_2_sequence.bam.gpg	EGAF00000154455	a36717380ce84289dcc111a656b18bf8	64f1dfd444c8ee5fcb5e91b24c134436	EGAD00001000303
EOPC-DE	EOPC-010_normal	EGAN00001085905	EGAX00001081508	EGAR00001085071	WGS_MATE_PAIR_EOPC-010_normal_EMBL_run110629_HWI-EAS225_00062_FC_62K8TAAXX_s_1_sequence.bam.gpg	EGAF00000154454	2ee667ec303d406be4c71ce5a5f03340	65479e71c32a81502f9cfd9e9a337398	EGAD00001000303
EOPC-DE	EOPC-188_normal	EGAN00001422066	EGAX00001432225	EGAR00001469677	WGS_PAIRED_EOPC-188_normal_ST-E00240_0060_BH75KVCCXX_L006_R1.fastq.gz	EGAF00001302141	084149e7ad7bcc3781b310e8d9a40b1b	509e7eaf8c65c451aac5f9ca026f8356	EGAD00001002669
EOPC-DE	EOPC-010_normal	EGAN00001085905	EGAX00001071832	EGAR00001074542	EOPC-010_normal_merged.bam.rmdup.bam.gpg	EGAF00000145173	bc0048644218ed0bfd6d986b65ebb982	90059f0275a0560842d394b661139f3a	EGAD00001000270,EGAD00001000306
EOPC-DE	EOPC-194_normal	EGAN00001422068	EGAX00001432228	EGAR00001469680	WGS_PAIRED_EOPC-194_normal_ST-E00240_0056_BH2K53ALXX_L004_R1.fastq.gz	EGAF00001302147	36486c1badcbf3afdf128c9f522a423c	46cf826d5db170b3c57a8f4dac39b1c6	EGAD00001002669
EOPC-DE	EOPC-194_tumor_01	EGAN00001422069	EGAX00001432227	EGAR00001469679	WGS_PAIRED_EOPC-194_tumor_01__ST-E00240_0055_AH2K3LALXX_L001_R2.fastq.gz	EGAF00001302146	8a6f99fd0e31f1dbf206141f0c3b7179	b0b035faef63f20338c3bf3d68f604cb	EGAD00001002669
EOPC-DE	EOPC-194_tumor_01	EGAN00001422069	EGAX00001432227	EGAR00001469679	WGS_PAIRED_EOPC-194_tumor_01__ST-E00240_0055_AH2K3LALXX_L001_R1.fastq.gz	EGAF00001302145	50c27eaca8d3e51d4c4ac44cbbf367a2	fc1b376f510b384641136b10f057d2f0	EGAD00001002669
EOPC-DE	EOPC-194_tumor_01	EGAN00001422069	EGAX00001432226	EGAR00001469678	WGS_PAIRED_EOPC-194_tumor_01__ST-E00210_0028_AH2K37ALXX_L008_R2.fastq.gz	EGAF00001302144	b90b4ddccaa5857e4056e061aa76f4f6	64b0b6706fc174a7512a45b642dcc1e1	EGAD00001002669
EOPC-DE	EOPC-128_tumor_01	EGAN00001422047	EGAX00001432229	EGAR00001469681	WGS_PAIRED_EOPC-128_tumor_01__ST-E00240_0046_AH2FKMALXX_L005_R1.fastq.gz	EGAF00001302149	a1f84eacfeeb9a18c0fcdc556ff2f309	cb13682e90f320409500e7b03ae12770	EGAD00001002669
EOPC-DE	EOPC-154_normal	EGAN00001422060	EGAX00001432217	EGAR00001469669	WGS_PAIRED_EOPC-154_normal_ST-E00210_0024_BH2GYYALXX_L005_R2.fastq.gz	EGAF00001302126	009f774d5403ec28cbfc2c829c58f1ca	ef9117e3111456b275938b91220b36de	EGAD00001002669
EOPC-DE	EOPC-01_tumor	EGAN00001085910	EGAX00001081513	EGAR00001085076	WGS_MATE_PAIR_EOPC-01_tumor_EMBL_run110427_HWI-EAS225_00053_FC_62GPRAAXX_s_1_sequence.bam.gpg	EGAF00000154459	4dfa4fe2411f4f1ed646cdbb9997fc4f	bbb274257ffe5e203e0f9757963dee24	EGAD00001000303
EOPC-DE	EOPC-01_normal	EGAN00001085909	EGAX00001081512	EGAR00001085075	WGS_MATE_PAIR_EOPC-01_normal_EMBL_run110418_HWUSI-EAS702_00049_FC_62PK9AAXX_s_8_sequence.bam.gpg	EGAF00000154458	e9425d07d658152418cd03ffbaed244b	5c4358b78e214792a16a7d44afd7070f	EGAD00001000303
EOPC-DE	EOPC-105_normal	EGAN00001422040	EGAX00001432181	EGAR00001469633	WGS_PAIRED_EOPC-105_normal_SN546_0253_A_C48TBACXX_L003_R2.fastq.gz	EGAF00001300677	0e206d74e82c67494d188a2f27221cc5	30bb7cfd2390d68b71c31c7b222af46e	EGAD00001002669
EOPC-DE	EOPC-135_tumor_01	EGAN00001422053	EGAX00001432200	EGAR00001469652	WGS_PAIRED_EOPC-135_tumor_01__ST-E00246_0021_BH2GYCALXX_L003_R1.fastq.gz	EGAF00001302091	ec937646123cce3ea0b6b03f4dd4d28f	0a222d0c834118913413f1b23673c7c1	EGAD00001002669
EOPC-DE	EOPC-131_normal	EGAN00001422048	EGAX00001432199	EGAR00001469651	WGS_PAIRED_EOPC-131_normal_ST-E00204_0035_BH2H3YALXX_L006_R2.fastq.gz	EGAF00001302090	23246f79bed34707db9b54ffea9331dc	daee8d2dff937522cc79b1cd700fd7c4	EGAD00001002669
EOPC-DE	EOPC-135_tumor_01	EGAN00001422053	EGAX00001432201	EGAR00001469653	WGS_PAIRED_EOPC-135_tumor_01__ST-E00246_0021_BH2GYCALXX_L004_R1.fastq.gz	EGAF00001302093	1ef05fa6a3bd7959207a5ea703bac0a0	daf78e832364f750ceaf58f5e08955c5	EGAD00001002669
EOPC-DE	EOPC-135_tumor_01	EGAN00001422053	EGAX00001432200	EGAR00001469652	WGS_PAIRED_EOPC-135_tumor_01__ST-E00246_0021_BH2GYCALXX_L003_R2.fastq.gz	EGAF00001302092	4f31656ebee5ac0753901b716044ad29	36b829248b593578e5cdd5f1f4bc8e4f	EGAD00001002669
EOPC-DE	EOPC-135_tumor_01	EGAN00001422053	EGAX00001432202	EGAR00001469654	WGS_PAIRED_EOPC-135_tumor_01__ST-E00240_0061_AH5MKCCCXX_L002_R1.fastq.gz	EGAF00001302095	c6f9b76448019ee70b21130c981b6557	6457ca0a6b48a6c884a9188d9f9866c9	EGAD00001002669
EOPC-DE	EOPC-135_tumor_01	EGAN00001422053	EGAX00001432201	EGAR00001469653	WGS_PAIRED_EOPC-135_tumor_01__ST-E00246_0021_BH2GYCALXX_L004_R2.fastq.gz	EGAF00001302094	d9eaee4b056675836c55e195c60bdd7d	8f14491d7336047f8641d592d585d220	EGAD00001002669
EOPC-DE	EOPC-135_normal	EGAN00001422052	EGAX00001432203	EGAR00001469655	WGS_PAIRED_EOPC-135_normal_ST-E00246_0020_AH2HGJALXX_L005_R1.fastq.gz	EGAF00001302097	440539fd102917f40ad1d9538081ff5c	b0176dd7bb885ede5ca0044b5258faff	EGAD00001002669
EOPC-DE	EOPC-135_tumor_01	EGAN00001422053	EGAX00001432202	EGAR00001469654	WGS_PAIRED_EOPC-135_tumor_01__ST-E00240_0061_AH5MKCCCXX_L002_R2.fastq.gz	EGAF00001302096	f600db61988ff2c798f8b1a96956e5c6	d69547f8385c8a231358515ee26222ba	EGAD00001002669
EOPC-DE	EOPC-137_tumor_01	EGAN00001422055	EGAX00001432204	EGAR00001469656	WGS_PAIRED_EOPC-137_tumor_01__ST-E00246_0021_BH2GYCALXX_L007_R1.fastq.gz	EGAF00001302099	8802a663ee54d6a07eef71a68f80023d	efb5457102dd51875511ac7faf34ffe6	EGAD00001002669
EOPC-DE	EOPC-135_normal	EGAN00001422052	EGAX00001432203	EGAR00001469655	WGS_PAIRED_EOPC-135_normal_ST-E00246_0020_AH2HGJALXX_L005_R2.fastq.gz	EGAF00001302098	532405c21092f11473fd632541d28725	720feb436447677ec6ea7e38c859fedc	EGAD00001002669
EOPC-DE	EOPC-105_tumor_01	EGAN00001422041	EGAX00001432180	EGAR00001469632	WGS_PAIRED_EOPC-105_tumor_01__SN546_0253_A_C48TBACXX_L002_R2.fastq.gz	EGAF00001300675	be751349e3c3d8d0458684aeb0a1dcf6	dc3d01e3c7fa415f5538655fb426ff16	EGAD00001002669
EOPC-DE	EOPC-105_tumor_01	EGAN00001422041	EGAX00001432180	EGAR00001469632	WGS_PAIRED_EOPC-105_tumor_01__SN546_0253_A_C48TBACXX_L002_R1.fastq.gz	EGAF00001300674	24a534a2a8cf5cdcb0a2ffcc56884e7f	0fc9ab223a14c46865632e1c169a205c	EGAD00001002669
EOPC-DE	EOPC-105_tumor_01	EGAN00001422041	EGAX00001432179	EGAR00001469631	WGS_PAIRED_EOPC-105_tumor_01__SN546_0253_A_C48TBACXX_L001_R2.fastq.gz	EGAF00001300673	bb138b0cf17cad8b4f08ba71173cd7f9	a9734d45ce4c985bc46ec22a9b59294f	EGAD00001002669
EOPC-DE	EOPC-105_tumor_01	EGAN00001422041	EGAX00001432179	EGAR00001469631	WGS_PAIRED_EOPC-105_tumor_01__SN546_0253_A_C48TBACXX_L001_R1.fastq.gz	EGAF00001300672	d742eaa78ee8e9f44810696c58345b2e	f6232571d62e7c22dea8d5a7a8a74152	EGAD00001002669
EOPC-DE	EOPC-105_tumor_01	EGAN00001422041	EGAX00001432178	EGAR00001469630	WGS_PAIRED_EOPC-105_tumor_01__SN935_0207_B_C48R2ACXX_L008_R2.fastq.gz	EGAF00001300671	f15c535bea677054f4ab2e1959d30675	a5040f732e222c070eede752fb28c951	EGAD00001002669
EOPC-DE	EOPC-105_tumor_01	EGAN00001422041	EGAX00001432178	EGAR00001469630	WGS_PAIRED_EOPC-105_tumor_01__SN935_0207_B_C48R2ACXX_L008_R1.fastq.gz	EGAF00001300670	83f6dfafa730cdd0a0948aa6de9385dc	d10871858883c6fd62aa14271bc96b33	EGAD00001002669
EOPC-DE	EOPC-128_tumor_01	EGAN00001422047	EGAX00001432229	EGAR00001469681	WGS_PAIRED_EOPC-128_tumor_01__ST-E00240_0046_AH2FKMALXX_L005_R2.fastq.gz	EGAF00001302150	b26dbf5a922b2b9917938fd962646aa7	aebf5c2d30c8c059f765771c53fcd80a	EGAD00001002669
EOPC-DE	EOPC-128_tumor_01	EGAN00001422047	EGAX00001432230	EGAR00001469682	WGS_PAIRED_EOPC-128_tumor_01__ST-E00240_0046_AH2FKMALXX_L006_R1.fastq.gz	EGAF00001302151	df60a1dc819d3fdf5e7b5315d2856aa0	e1728430c97289aa92a82dcee0bd8e94	EGAD00001002669
EOPC-DE	EOPC-128_tumor_01	EGAN00001422047	EGAX00001432230	EGAR00001469682	WGS_PAIRED_EOPC-128_tumor_01__ST-E00240_0046_AH2FKMALXX_L006_R2.fastq.gz	EGAF00001302152	0ed75aba2e1b712235125a20dc477906	b1328066c7bc044dcb6fed958d5ddddb	EGAD00001002669
EOPC-DE	EOPC-128_normal	EGAN00001422046	EGAX00001432231	EGAR00001469683	WGS_PAIRED_EOPC-128_normal_ST-E00204_0035_BH2H3YALXX_L003_R1.fastq.gz	EGAF00001302153	bc1d3c20a47becec6617fe495394602c	d800b632f8a525de920e417a5b809615	EGAD00001002669
EOPC-DE	EOPC-128_normal	EGAN00001422046	EGAX00001432231	EGAR00001469683	WGS_PAIRED_EOPC-128_normal_ST-E00204_0035_BH2H3YALXX_L003_R2.fastq.gz	EGAF00001302154	783e5c97dd76a5d73455a1779a3fecd3	d4ba9c07fcd0e34db46d887dae4e0c2f	EGAD00001002669
EOPC-DE	EOPC-156_tumor_01	EGAN00001422063	EGAX00001432232	EGAR00001469684	WGS_PAIRED_EOPC-156_tumor_01__ST-E00204_0038_AH2HJKALXX_L001_R1.fastq.gz	EGAF00001302155	fbabd49762804c497629559c848e03c1	2d8c9799665bd4d9479fb135ac2409ab	EGAD00001002669
EOPC-DE	EOPC-156_tumor_01	EGAN00001422063	EGAX00001432232	EGAR00001469684	WGS_PAIRED_EOPC-156_tumor_01__ST-E00204_0038_AH2HJKALXX_L001_R2.fastq.gz	EGAF00001302156	af5e8274398d4a3d2add9ee6706e4f69	6ef48de60cc73534b344bf95a02e9aca	EGAD00001002669
EOPC-DE	EOPC-156_tumor_01	EGAN00001422063	EGAX00001432233	EGAR00001469685	WGS_PAIRED_EOPC-156_tumor_01__ST-E00246_0022_AH2H23ALXX_L008_R1.fastq.gz	EGAF00001302157	490773bcb19b4a0e0245ee7b0c3af66e	7cc39b6d8eb5094e45f168c9e66109b2	EGAD00001002669
EOPC-DE	EOPC-156_tumor_01	EGAN00001422063	EGAX00001432233	EGAR00001469685	WGS_PAIRED_EOPC-156_tumor_01__ST-E00246_0022_AH2H23ALXX_L008_R2.fastq.gz	EGAF00001302158	4fa34ff80289bb4ef29852948501615c	0899e549d025787593c40b96220a7c30	EGAD00001002669
EOPC-DE	EOPC-156_tumor_01	EGAN00001422063	EGAX00001432234	EGAR00001469686	WGS_PAIRED_EOPC-156_tumor_01__ST-E00240_0061_AH5MKCCCXX_L004_R1.fastq.gz	EGAF00001302159	00b400a63bbc5ec6947bd8631084e9cb	0b1c4799b0db3d76adb55b0a6d00744d	EGAD00001002669
EOPC-DE	EOPC-131_tumor_01	EGAN00001422049	EGAX00001432198	EGAR00001469650	WGS_PAIRED_EOPC-131_tumor_01__ST-E00204_0034_AH2FG7ALXX_L004_R2.fastq.gz	EGAF00001302088	dc22459441fd1a1d4070d446949b490a	a7e227831ed1bd7ffe2c37a6204d22d6	EGAD00001002669
EOPC-DE	EOPC-131_normal	EGAN00001422048	EGAX00001432199	EGAR00001469651	WGS_PAIRED_EOPC-131_normal_ST-E00204_0035_BH2H3YALXX_L006_R1.fastq.gz	EGAF00001302089	8101e7694bf7f30c67dfc97c08a0d689	fefac1b74c2284b485abcb7d8b60928c	EGAD00001002669
EOPC-DE	EOPC-131_tumor_01	EGAN00001422049	EGAX00001432197	EGAR00001469649	WGS_PAIRED_EOPC-131_tumor_01__ST-E00204_0034_AH2FG7ALXX_L003_R2.fastq.gz	EGAF00001302086	1e62270033989b3c32a9984db50ca3aa	c1f741cac5f02bf39b3c11806ea0ff3e	EGAD00001002669
EOPC-DE	EOPC-131_tumor_01	EGAN00001422049	EGAX00001432198	EGAR00001469650	WGS_PAIRED_EOPC-131_tumor_01__ST-E00204_0034_AH2FG7ALXX_L004_R1.fastq.gz	EGAF00001302087	be01ef119f1ff62008e8dd0acea09191	88bb7fce096de0de4caad7975ec8f429	EGAD00001002669
EOPC-DE	EOPC-121_normal	EGAN00001422044	EGAX00001432196	EGAR00001469648	WGS_PAIRED_EOPC-121_normal_ST-E00210_0036_AH5MYMCCXX_L001_R2.fastq.gz	EGAF00001302084	351c4e368e6b1cb2dba324a65cb65be1	96fc1b0bc7188fbbd4f37edc1b179fb8	EGAD00001002669
EOPC-DE	EOPC-131_tumor_01	EGAN00001422049	EGAX00001432197	EGAR00001469649	WGS_PAIRED_EOPC-131_tumor_01__ST-E00204_0034_AH2FG7ALXX_L003_R1.fastq.gz	EGAF00001302085	a8f8c8294710e68727df6ad06f46770b	2e6669943a064feaf147fa97b652af55	EGAD00001002669
EOPC-DE	EOPC-121_normal	EGAN00001422044	EGAX00001432195	EGAR00001469647	WGS_PAIRED_EOPC-121_normal_ST-E00240_0047_BH2H2FALXX_L004_R2.fastq.gz	EGAF00001302082	3cbe4b1f665b20deb621b7ab8ca1c62b	45c0f418377cac9980ea73b3adc9e79e	EGAD00001002669
EOPC-DE	EOPC-121_normal	EGAN00001422044	EGAX00001432196	EGAR00001469648	WGS_PAIRED_EOPC-121_normal_ST-E00210_0036_AH5MYMCCXX_L001_R1.fastq.gz	EGAF00001302083	a19fd561a487664e8a6874f2a37466e2	a86f8876a702913b174d2757fc6e093c	EGAD00001002669
EOPC-DE	EOPC-121_tumor_01	EGAN00001422045	EGAX00001432194	EGAR00001469646	WGS_PAIRED_EOPC-121_tumor_01__ST-E00246_0019_BH2GYKALXX_L008_R2.fastq.gz	EGAF00001302080	f98e183259c05087adbcdc6249be69f8	884eb24dbdd9fb8d888fa51c0362ed2d	EGAD00001002669
EOPC-DE	EOPC-121_normal	EGAN00001422044	EGAX00001432195	EGAR00001469647	WGS_PAIRED_EOPC-121_normal_ST-E00240_0047_BH2H2FALXX_L004_R1.fastq.gz	EGAF00001302081	f2d9c45c90a35a7c2bc7eeab0f23f1c6	1e9eb8267f50acc1e6037f7593e994a8	EGAD00001002669
EOPC-DE	EOPC-106_tumor_01	EGAN00001422043	EGAX00001432186	EGAR00001469638	WGS_PAIRED_EOPC-106_tumor_01__SN546_0254_B_C4908ACXX_L002_R2.fastq.gz	EGAF00001300687	22043e92af8fe5fa7d4040499216b488	c11e7c007a85e1fb13203089f7304f6a	EGAD00001002669
EOPC-DE	EOPC-105_tumor_01	EGAN00001422041	EGAX00001432177	EGAR00001469629	WGS_PAIRED_EOPC-105_tumor_01__SN935_0207_B_C48R2ACXX_L007_R1.fastq.gz	EGAF00001300668	4ae2f367c05ad47a9f351eff7a4b24b8	a81ddb8c80d02fc82dfb57a6babc5ba1	EGAD00001002669
EOPC-DE	EOPC-133_normal	EGAN00001422050	EGAX00001432238	EGAR00001469690	WGS_PAIRED_EOPC-133_normal_ST-E00204_0035_BH2H3YALXX_L008_R2.fastq.gz	EGAF00001302168	6705bd70d31322be7ec04e4b0def3e0a	5d564492ea768f709c74deed30272fca	EGAD00001002669
EOPC-DE	EOPC-090_normal	EGAN00001422038	EGAX00001432175	EGAR00001469627	WGS_PAIRED_EOPC-090_normal_SN935_0206_A_C48RPACXX_L007_R1.fastq.gz	EGAF00001300664	199eb6adaeda57300db3acf8c8b1f459	3c05f3432776eda35da09ad7dec4b6cb	EGAD00001002669
EOPC-DE	EOPC-090_normal	EGAN00001422038	EGAX00001432175	EGAR00001469627	WGS_PAIRED_EOPC-090_normal_SN935_0206_A_C48RPACXX_L007_R2.fastq.gz	EGAF00001300665	7219067582b8f646f3703899867bf1b5	b5837600af0d579c9cfc857163c0a46d	EGAD00001002669
EOPC-DE	EOPC-133_normal	EGAN00001422050	EGAX00001432238	EGAR00001469690	WGS_PAIRED_EOPC-133_normal_ST-E00204_0035_BH2H3YALXX_L008_R1.fastq.gz	EGAF00001302167	ea8984be7bbcc668b881789543387e13	6da1b4f2055e7b195b0de3b997b70965	EGAD00001002669
EOPC-DE	EOPC-090_normal	EGAN00001422038	EGAX00001432176	EGAR00001469628	WGS_PAIRED_EOPC-090_normal_SN935_0206_A_C48RPACXX_L008_R2.fastq.gz	EGAF00001300667	e933440b8d22e4db26e72b6f1fb8b0b9	4362be908c5183829f5d64beedf105bb	EGAD00001002669
EOPC-DE	EOPC-090_normal	EGAN00001422038	EGAX00001432173	EGAR00001469625	WGS_PAIRED_EOPC-090_normal_SN935_0206_A_C48RPACXX_L005_R1.fastq.gz	EGAF00001300660	5e12b93e9e0e428de4cdbc8d17a25820	f773ad32da5cbd3525a984c4b4415605	EGAD00001002669
EOPC-DE	EOPC-090_normal	EGAN00001422038	EGAX00001432173	EGAR00001469625	WGS_PAIRED_EOPC-090_normal_SN935_0206_A_C48RPACXX_L005_R2.fastq.gz	EGAF00001300661	3c55b53390facd1ba6b660be0989ae83	6201e075ac2c0f8bc9f4371b78eb170e	EGAD00001002669
EOPC-DE	EOPC-090_normal	EGAN00001422038	EGAX00001432174	EGAR00001469626	WGS_PAIRED_EOPC-090_normal_SN935_0206_A_C48RPACXX_L006_R1.fastq.gz	EGAF00001300662	2459da4d16571164a105c395172981da	95fac60d6bb14b0cf8da7836cb6190f7	EGAD00001002669
EOPC-DE	EOPC-090_normal	EGAN00001422038	EGAX00001432174	EGAR00001469626	WGS_PAIRED_EOPC-090_normal_SN935_0206_A_C48RPACXX_L006_R2.fastq.gz	EGAF00001300663	e8eae1e99956eb447f83c25a35741792	0c3770d3b68cf1342a2a76f4093424e5	EGAD00001002669
EOPC-DE	EOPC-05_normal	EGAN00001089454	EGAX00001081552	EGAR00001085116	EOPC-05_normal_merged.bam.rmdup.bam.gpg	EGAF00000154499	1efa1bc59b844937aa5df2455ba34cdb	bb2b2794669a0b36d5b3f4d635df8c7a	EGAD00001000306
EOPC-DE	EOPC-04_tumor	EGAN00001089453	EGAX00001081551	EGAR00001085115	EOPC-04_tumor_merged.bam.rmdup.bam.gpg	EGAF00000154498	f766f5315ba5cfb891e71b4bc0c39d0f	2f29b37e0f453410ef4e7eb2da1deb79	EGAD00001000306
EOPC-DE	EOPC-08_normal	EGAN00001085921	EGAX00001081526	EGAR00001085089	WGS_MATE_PAIR_EOPC-08_normal_EMBL_run110629_GAPC01_00034_FC_70H5KAAXX_s_3_sequence.bam.gpg	EGAF00000154472	3e2e4ccb9a4986d673185a9920b347fd	2a52f64c08821b3481b29c9e60b6b2ac	EGAD00001000303
EOPC-DE	EOPC-011_normal	EGAN00001089460	EGAX00001081544	EGAR00001085108	EOPC-011_normal_merged.bam.rmdup.bam.gpg	EGAF00000154491	6da932d71d9df2eea2518ac4da96e812	db3ab13840043a816a6e2b845d0e4dcc	EGAD00001000306
EOPC-DE	EOPC-02_normal	EGAN00001089448	EGAX00001081546	EGAR00001085110	EOPC-02_normal_merged.bam.rmdup.bam.gpg	EGAF00000154493	ca8e0b1646f3e259a1674808f42c91a5	95824aeaff4f0e0a85b76c4faa5c76ee	EGAD00001000306
EOPC-DE	EOPC-011_tumor	EGAN00001089461	EGAX00001081545	EGAR00001085109	EOPC-011_tumor_merged.bam.rmdup.bam.gpg	EGAF00000154492	23d56ac432cfb27a3409e6775cc2adf8	844ffac7114c8d2e13bf49d8333a5350	EGAD00001000306
EOPC-DE	EOPC-03_normal	EGAN00001089450	EGAX00001081548	EGAR00001085112	EOPC-03_normal_merged.bam.rmdup.bam.gpg	EGAF00000154495	8a877c1a5c42aa8549fb8f9916f06e55	5fd181affa9ce25af9fd15a3ea4c4f61	EGAD00001000306
EOPC-DE	EOPC-02_tumor	EGAN00001089449	EGAX00001081547	EGAR00001085111	EOPC-02_tumor_merged.bam.rmdup.bam.gpg	EGAF00000154494	617ad59429e4985b0882329aa1408d21	9bc809dd0c4b0f434f294b0709f4ca3d	EGAD00001000306
EOPC-DE	EOPC-04_normal	EGAN00001089452	EGAX00001081550	EGAR00001085114	EOPC-04_normal_merged.bam.rmdup.bam.gpg	EGAF00000154497	44ce2a1fe715cb059b494eb9a7ed6e9c	9c34e112c1795064a04fda72efb7ec0b	EGAD00001000306
EOPC-DE	EOPC-03_tumor	EGAN00001089451	EGAX00001081549	EGAR00001085113	EOPC-03_tumor_merged.bam.rmdup.bam.gpg	EGAF00000154496	d36c358fcc5a41d454b190649d1eb41d	9fb2abf359ed9da098666de4a9a56e19	EGAD00001000306
EOPC-DE	EOPC-090_tumor_01	EGAN00001422039	EGAX00001432172	EGAR00001469624	WGS_PAIRED_EOPC-090_tumor_01__SN935_0206_A_C48RPACXX_L004_R2.fastq.gz	EGAF00001300659	14d3afdd980150a8dd0b8439f77813ae	892b0ecc0f1f28b7e372e095538c5474	EGAD00001002669
EOPC-DE	EOPC-090_tumor_01	EGAN00001422039	EGAX00001432172	EGAR00001469624	WGS_PAIRED_EOPC-090_tumor_01__SN935_0206_A_C48RPACXX_L004_R1.fastq.gz	EGAF00001300658	a62e2202f0cf2cb1c89a6c980db888e4	2bca8bca35b5d3a1a0e09ca4361c94b7	EGAD00001002669
EOPC-DE	EOPC-188_normal	EGAN00001422066	EGAX00001432225	EGAR00001469677	WGS_PAIRED_EOPC-188_normal_ST-E00240_0060_BH75KVCCXX_L006_R2.fastq.gz	EGAF00001302142	b432ab8bbb6bda00639d7b2efafb0ae3	75c734896907d6baa8024bfe79b92e15	EGAD00001002669
EOPC-DE	EOPC-089_normal	EGAN00001422036	EGAX00001432168	EGAR00001469620	WGS_PAIRED_EOPC-089_normal_SN546_0251_A_C48T9ACXX_L006_R2.fastq.gz	EGAF00001300651	c6a8fa067857ddf0529dfa293ca40492	08a25b9f69cdc2ed406813f39a2db5a1	EGAD00001002669
EOPC-DE	EOPC-089_normal	EGAN00001422036	EGAX00001432168	EGAR00001469620	WGS_PAIRED_EOPC-089_normal_SN546_0251_A_C48T9ACXX_L006_R1.fastq.gz	EGAF00001300650	57a5362dc7c79afd8912f568c47c73da	8bf816104c63c2d7ab7e4a33a4c538f0	EGAD00001002669
EOPC-DE	EOPC-090_tumor_01	EGAN00001422039	EGAX00001432169	EGAR00001469621	WGS_PAIRED_EOPC-090_tumor_01__SN935_0206_A_C48RPACXX_L001_R2.fastq.gz	EGAF00001300653	7475650ada2458aa44f04c124bd5ff01	7471f957f33864bb828566a1eee4756a	EGAD00001002669
EOPC-DE	EOPC-090_tumor_01	EGAN00001422039	EGAX00001432169	EGAR00001469621	WGS_PAIRED_EOPC-090_tumor_01__SN935_0206_A_C48RPACXX_L001_R1.fastq.gz	EGAF00001300652	1c87c58d174b0e551daba66660424f7e	89ce52484672341862bc6503ae723f5e	EGAD00001002669
EOPC-DE	EOPC-090_tumor_01	EGAN00001422039	EGAX00001432170	EGAR00001469622	WGS_PAIRED_EOPC-090_tumor_01__SN935_0206_A_C48RPACXX_L002_R2.fastq.gz	EGAF00001300655	2fb226774613b2d5c9ec7a922dad3b7b	21f035e98a9783ea1e945eb857cc9c64	EGAD00001002669
EOPC-DE	EOPC-090_tumor_01	EGAN00001422039	EGAX00001432170	EGAR00001469622	WGS_PAIRED_EOPC-090_tumor_01__SN935_0206_A_C48RPACXX_L002_R1.fastq.gz	EGAF00001300654	25bdb8ebda4141276b81ff5cd165a214	c37a3395d4dc7bb9ae0bd3c3777b604f	EGAD00001002669
EOPC-DE	EOPC-090_tumor_01	EGAN00001422039	EGAX00001432171	EGAR00001469623	WGS_PAIRED_EOPC-090_tumor_01__SN935_0206_A_C48RPACXX_L003_R2.fastq.gz	EGAF00001300657	ec1d92f55a5d7811e805d5a18a2a413a	905a49f95d1aa8690a21bbca657a8196	EGAD00001002669
EOPC-DE	EOPC-090_tumor_01	EGAN00001422039	EGAX00001432171	EGAR00001469623	WGS_PAIRED_EOPC-090_tumor_01__SN935_0206_A_C48RPACXX_L003_R1.fastq.gz	EGAF00001300656	727c1e86a31d71e302882cdb904965ce	c1ea82f15b8b73237efaa836b1bcaaa4	EGAD00001002669
EOPC-DE	EOPC-106_normal	EGAN00001422042	EGAX00001432191	EGAR00001469643	WGS_PAIRED_EOPC-106_normal_SN546_0254_B_C4908ACXX_L007_R1.fastq.gz	EGAF00001302073	72604e5d5229373ba73f17f94f359171	e1e06a4636554594aba097b291219c4c	EGAD00001002669
EOPC-DE	EOPC-106_normal	EGAN00001422042	EGAX00001432190	EGAR00001469642	WGS_PAIRED_EOPC-106_normal_SN546_0254_B_C4908ACXX_L006_R2.fastq.gz	EGAF00001302072	2bd1f63a7aa5525c02eefd4b35c6b79a	9920bbf8d05ba3a4921fb9bea41800e9	EGAD00001002669
EOPC-DE	EOPC-106_normal	EGAN00001422042	EGAX00001432190	EGAR00001469642	WGS_PAIRED_EOPC-106_normal_SN546_0254_B_C4908ACXX_L006_R1.fastq.gz	EGAF00001302071	cea45bd519469b9454ecfa4ec7d0b278	5fb41d19089c609e112247fc3c668ee7	EGAD00001002669
EOPC-DE	EOPC-106_normal	EGAN00001422042	EGAX00001432189	EGAR00001469641	WGS_PAIRED_EOPC-106_normal_SN546_0254_B_C4908ACXX_L005_R2.fastq.gz	EGAF00001302070	4822c80fb6ab067f3b81fd26becc1fd8	00bd782445fe9aceb95015676197a04a	EGAD00001002669
EOPC-DE	EOPC-121_tumor_01	EGAN00001422045	EGAX00001432193	EGAR00001469645	WGS_PAIRED_EOPC-121_tumor_01__ST-E00246_0019_BH2GYKALXX_L007_R1.fastq.gz	EGAF00001302077	8178993feff8bd258712e26117731071	b285cd33bcc4386096a26a1b6925d131	EGAD00001002669
EOPC-DE	EOPC-106_normal	EGAN00001422042	EGAX00001432192	EGAR00001469644	WGS_PAIRED_EOPC-106_normal_SN546_0254_B_C4908ACXX_L008_R2.fastq.gz	EGAF00001302076	8d343b3f7f9a88f83c1c677cf94f8bb9	86bfc13ced894559023dea1aec1f099f	EGAD00001002669
EOPC-DE	EOPC-106_normal	EGAN00001422042	EGAX00001432192	EGAR00001469644	WGS_PAIRED_EOPC-106_normal_SN546_0254_B_C4908ACXX_L008_R1.fastq.gz	EGAF00001302075	394977063df448f93b2caf50dcccde4d	317fb84a85f9079355af8dd50bc116d1	EGAD00001002669
EOPC-DE	EOPC-106_normal	EGAN00001422042	EGAX00001432191	EGAR00001469643	WGS_PAIRED_EOPC-106_normal_SN546_0254_B_C4908ACXX_L007_R2.fastq.gz	EGAF00001302074	b7cf2dff08838b1d0e1d964d56f5c61e	8de495a6e207c3dab92b81aea9ed779f	EGAD00001002669
EOPC-DE	EOPC-121_tumor_01	EGAN00001422045	EGAX00001432194	EGAR00001469646	WGS_PAIRED_EOPC-121_tumor_01__ST-E00246_0019_BH2GYKALXX_L008_R1.fastq.gz	EGAF00001302079	a89f1f9cd29cbc897de404d8fd56fc0a	6b2589f50cd6c23e8567ada4b11eeefa	EGAD00001002669
EOPC-DE	EOPC-121_tumor_01	EGAN00001422045	EGAX00001432193	EGAR00001469645	WGS_PAIRED_EOPC-121_tumor_01__ST-E00246_0019_BH2GYKALXX_L007_R2.fastq.gz	EGAF00001302078	eca655b867a61b3bf465e66bd753d814	a51f8da1bee6175e9c30f162d48ad99b	EGAD00001002669
EOPC-DE	EOPC-106_tumor_01	EGAN00001422043	EGAX00001432188	EGAR00001469640	WGS_PAIRED_EOPC-106_tumor_01__SN546_0254_B_C4908ACXX_L004_R1.fastq.gz	EGAF00001302067	40dca030a27cb0ed7c97088bfaeb24be	5ec2f65b0703b9481b3f41ec5c6ea973	EGAD00001002669
EOPC-DE	EOPC-106_tumor_01	EGAN00001422043	EGAX00001432188	EGAR00001469640	WGS_PAIRED_EOPC-106_tumor_01__SN546_0254_B_C4908ACXX_L004_R2.fastq.gz	EGAF00001302068	0dd73cc4753fe52a7cce83a011f0a355	452e36970dd3d7fecd58501e698bc692	EGAD00001002669
EOPC-DE	EOPC-07_normal	EGAN00001089456	EGAX00001081524	EGAR00001085087	WGS_MATE_PAIR_EOPC-07_normal_EMBL_run110629_GAPC01_00034_FC_70H5KAAXX_s_1_sequence.bam.gpg	EGAF00000154470	920fe18e28ca22978f4d2ae06cbc9076	4668b828c28c1ba4955de374d20d331e	EGAD00001000303
EOPC-DE	EOPC-106_normal	EGAN00001422042	EGAX00001432189	EGAR00001469641	WGS_PAIRED_EOPC-106_normal_SN546_0254_B_C4908ACXX_L005_R1.fastq.gz	EGAF00001302069	af3e5746d78a6ce2c8e8ac9775d0e401	b467c51756efc5b6eecb5b9f6953e162	EGAD00001002669
EOPC-DE	EOPC-194_tumor_01	EGAN00001422069	EGAX00001432226	EGAR00001469678	WGS_PAIRED_EOPC-194_tumor_01__ST-E00210_0028_AH2K37ALXX_L008_R1.fastq.gz	EGAF00001302143	c608184098443b6c3b50cb58be211563	ef9c36d6ddea4ac4ccf494bafba3bb3b	EGAD00001002669
EOPC-DE	EOPC-089_normal	EGAN00001422036	EGAX00001432166	EGAR00001469618	WGS_PAIRED_EOPC-089_normal_SN546_0251_A_C48T9ACXX_L004_R1.fastq.gz	EGAF00001300646	9010ad2e7dcb3426fa863852298715fd	8a03536097b886a4090ff84eb7547b68	EGAD00001002669
EOPC-DE	EOPC-089_normal	EGAN00001422036	EGAX00001432166	EGAR00001469618	WGS_PAIRED_EOPC-089_normal_SN546_0251_A_C48T9ACXX_L004_R2.fastq.gz	EGAF00001300647	b6073190ac3a5858fce65f4ae5620596	9f681df2cbec32bd2feeb877287a77f2	EGAD00001002669
EOPC-DE	EOPC-089_normal	EGAN00001422036	EGAX00001432165	EGAR00001469617	WGS_PAIRED_EOPC-089_normal_SN546_0251_A_C48T9ACXX_L003_R1.fastq.gz	EGAF00001300644	27a2893c77b5f15f8fcba56488e0a3b0	afe1cb7246717989aadd11a6d22b8299	EGAD00001002669
EOPC-DE	EOPC-089_normal	EGAN00001422036	EGAX00001432165	EGAR00001469617	WGS_PAIRED_EOPC-089_normal_SN546_0251_A_C48T9ACXX_L003_R2.fastq.gz	EGAF00001300645	6ffd43f88dc073aa4d3bb20b750f74f1	4ef2025466ab0da68372d8be1936732a	EGAD00001002669
EOPC-DE	EOPC-089_tumor_01	EGAN00001422037	EGAX00001432164	EGAR00001469616	WGS_PAIRED_EOPC-089_tumor_01__SN546_0251_A_C48T9ACXX_L002_R1.fastq.gz	EGAF00001300642	8fe246584c35254e743912635f1a4c0f	8c05a326808b533075e1a7a16636c7db	EGAD00001002669
EOPC-DE	EOPC-089_tumor_01	EGAN00001422037	EGAX00001432164	EGAR00001469616	WGS_PAIRED_EOPC-089_tumor_01__SN546_0251_A_C48T9ACXX_L002_R2.fastq.gz	EGAF00001300643	3e3719ebceb0cb8211f07b3362e6d026	4cf83453dfa5a6665c4c7d754a186a60	EGAD00001002669
EOPC-DE	EOPC-089_tumor_01	EGAN00001422037	EGAX00001432163	EGAR00001469615	WGS_PAIRED_EOPC-089_tumor_01__SN546_0251_A_C48T9ACXX_L001_R1.fastq.gz	EGAF00001300640	dff6edb59ccf37affcb8ab5c30f88412	cc7a2b76854f6cde56bfd4e851b21af3	EGAD00001002669
EOPC-DE	EOPC-089_tumor_01	EGAN00001422037	EGAX00001432163	EGAR00001469615	WGS_PAIRED_EOPC-089_tumor_01__SN546_0251_A_C48T9ACXX_L001_R2.fastq.gz	EGAF00001300641	361b166278ab8e6b533031b13052a881	528a1f85e8cd60991743b1b7d29a5629	EGAD00001002669
EOPC-DE	EOPC-011_tumor	EGAN00001089461	EGAX00001081511	EGAR00001085074	WGS_MATE_PAIR_EOPC-011_tumor_EMBL_run110629_HWI-EAS225_00062_FC_62K8TAAXX_s_4_sequence.bam.gpg	EGAF00000154457	cbaaa73cd365c6f73ca442784cde6add	20db3c781f1917eb91a9cba194d6dbb9	EGAD00001000303
EOPC-DE	EOPC-089_normal	EGAN00001422036	EGAX00001432167	EGAR00001469619	WGS_PAIRED_EOPC-089_normal_SN546_0251_A_C48T9ACXX_L005_R1.fastq.gz	EGAF00001300648	5a33383b8161201c07761413ec65798b	2802f89785dd300f09e75b628566687f	EGAD00001002669
EOPC-DE	EOPC-089_normal	EGAN00001422036	EGAX00001432167	EGAR00001469619	WGS_PAIRED_EOPC-089_normal_SN546_0251_A_C48T9ACXX_L005_R2.fastq.gz	EGAF00001300649	35301f3374c1ab0522ce5152c89b8269	6d45a1d4094d3fcc9dcd02ddc299eec1	EGAD00001002669
EOPC-DE	EOPC-139_normal	EGAN00001422056	EGAX00001432209	EGAR00001469661	WGS_PAIRED_EOPC-139_normal_ST-E00246_0024_AH2K7LALXX_L001_R1.fastq.gz	EGAF00001302109	f425584eb8f4ba05a50adbf1ca8b14ee	3df0114f7108caa5d3a563b46d5c0271	EGAD00001002669
EOPC-DE	EOPC-139_tumor_01	EGAN00001422057	EGAX00001432208	EGAR00001469660	WGS_PAIRED_EOPC-139_tumor_01__ST-E00204_0036_AH2HJHALXX_L004_R2.fastq.gz	EGAF00001302108	5ec7c6d1c8c7378f63eb8ca307a1e471	aab7aaae1c801cd25f92e48f5b63cf3a	EGAD00001002669
EOPC-DE	EOPC-139_tumor_01	EGAN00001422057	EGAX00001432208	EGAR00001469660	WGS_PAIRED_EOPC-139_tumor_01__ST-E00204_0036_AH2HJHALXX_L004_R1.fastq.gz	EGAF00001302107	75cac611c69e3ea9605aa715a4576a89	3f25c9b81d657675d064af6077198235	EGAD00001002669
EOPC-DE	EOPC-139_tumor_01	EGAN00001422057	EGAX00001432207	EGAR00001469659	WGS_PAIRED_EOPC-139_tumor_01__ST-E00204_0036_AH2HJHALXX_L003_R2.fastq.gz	EGAF00001302106	027e4e3aa8e3fe7a10336f8679477dce	bb5f825b5b741a6f48e14914e2185eda	EGAD00001002669
EOPC-DE	EOPC-139_tumor_01	EGAN00001422057	EGAX00001432207	EGAR00001469659	WGS_PAIRED_EOPC-139_tumor_01__ST-E00204_0036_AH2HJHALXX_L003_R1.fastq.gz	EGAF00001302105	43e655ec648e46a60044889ca54df08c	9bba108e161aa8960fbfe0da72f3e693	EGAD00001002669
EOPC-DE	EOPC-137_normal	EGAN00001422054	EGAX00001432206	EGAR00001469658	WGS_PAIRED_EOPC-137_normal_ST-E00246_0020_AH2HGJALXX_L007_R2.fastq.gz	EGAF00001302104	81521404d073e01e7442ca12f5e9e330	1d605e3a3e34763c39e4def92ce57b17	EGAD00001002669
EOPC-DE	EOPC-137_normal	EGAN00001422054	EGAX00001432206	EGAR00001469658	WGS_PAIRED_EOPC-137_normal_ST-E00246_0020_AH2HGJALXX_L007_R1.fastq.gz	EGAF00001302103	16a0dd9c45be6400eabaf22f4a1bc85e	f21cdc469cd713440f68abf7a7803515	EGAD00001002669
EOPC-DE	EOPC-137_tumor_01	EGAN00001422055	EGAX00001432205	EGAR00001469657	WGS_PAIRED_EOPC-137_tumor_01__ST-E00246_0021_BH2GYCALXX_L008_R2.fastq.gz	EGAF00001302102	b39f3635058410d3c716c01953ae2a10	48f56817135900df3028ad7393ee3e8c	EGAD00001002669
EOPC-DE	EOPC-137_tumor_01	EGAN00001422055	EGAX00001432205	EGAR00001469657	WGS_PAIRED_EOPC-137_tumor_01__ST-E00246_0021_BH2GYCALXX_L008_R1.fastq.gz	EGAF00001302101	5c3d980b7f5665606cb718a04283e4e5	d2e72bd7b968433485f52f33c63aeb37	EGAD00001002669
EOPC-DE	EOPC-137_tumor_01	EGAN00001422055	EGAX00001432204	EGAR00001469656	WGS_PAIRED_EOPC-137_tumor_01__ST-E00246_0021_BH2GYCALXX_L007_R2.fastq.gz	EGAF00001302100	055cdffdf7669bede300afaf0ddf1221	fa112116b7dcd00050c673333229dc0a	EGAD00001002669
